region_code,region_name,division_code,division_name,state_abbr,state_code,state_name,year,age_group,popestimate,obese_pct,highbloodpress_pct,diabetes_pct
,,,,AL,,Alabama,2017,1,,,92.5,
,,,,AL,,Alabama,2017,1,,,7.5,
3,South,6,East South Central,AL,1,Alabama,2017,2,640470,36.3,80,2.2
3,South,6,East South Central,AL,1,Alabama,2017,2,640470,36.3,20,2.2
3,South,6,East South Central,AL,1,Alabama,2017,3,591492,42.2,33.3,9.1
3,South,6,East South Central,AL,1,Alabama,2017,3,591492,42.2,66.7,9.1
,,,,AL,,Alabama,2017,4,,,47.2,15.2
,,,,AL,,Alabama,2017,4,,,52.8,15.2
,,,,AL,,Alabama,2017,5,,,41.2,23.3
,,,,AL,,Alabama,2017,5,,,58.8,23.3
,,,,AL,,Alabama,2017,6,,,67.3,26.7
,,,,AL,,Alabama,2017,6,,,32.7,26.7
4,West,9,Pacific,AK,2,Alaska,2017,1,71878,23,87,
4,West,9,Pacific,AK,2,Alaska,2017,1,71878,23,13,
,,,,AK,,Alaska,2017,2,,,14.5,
,,,,AK,,Alaska,2017,2,,,85.5,
4,West,9,Pacific,AK,2,Alaska,2017,3,93004,41.5,24.6,5.8
4,West,9,Pacific,AK,2,Alaska,2017,3,93004,41.5,75.40000000000001,5.8
4,West,9,Pacific,AK,2,Alaska,2017,4,91110,37.7,59.8,7.9
4,West,9,Pacific,AK,2,Alaska,2017,4,91110,37.7,40.2,7.9
4,West,9,Pacific,AK,2,Alaska,2017,5,95222,36.2,56.6,12.2
4,West,9,Pacific,AK,2,Alaska,2017,5,95222,36.2,43.4,12.2
4,West,9,Pacific,AK,2,Alaska,2017,6,82596,34.8,40.6,18.6
4,West,9,Pacific,AK,2,Alaska,2017,6,82596,34.8,59.4,18.6
,,,,AZ,,Arizona,2017,1,,,6.2,
,,,,AZ,,Arizona,2017,1,,,93.8,
4,West,8,Mountain,AZ,4,Arizona,2017,2,964729,30.5,13.1,1.8
4,West,8,Mountain,AZ,4,Arizona,2017,2,964729,30.5,86.90000000000001,1.8
,,,,AZ,,Arizona,2017,3,,,18.9,5.3
,,,,AZ,,Arizona,2017,3,,,81.09999999999999,5.3
,,,,AZ,,Arizona,2017,4,,,30.8,12.6
,,,,AZ,,Arizona,2017,4,,,69.2,12.6
4,West,8,Mountain,AZ,4,Arizona,2017,5,847268,33.5,55.3,17.4
4,West,8,Mountain,AZ,4,Arizona,2017,5,847268,33.5,44.7,17.4
,,,,AZ,,Arizona,2017,6,,,56.9,19.7
,,,,AZ,,Arizona,2017,6,,,43.1,19.7
3,South,7,West South Central,AR,5,Arkansas,2017,1,280631,13.3,9.4,
3,South,7,West South Central,AR,5,Arkansas,2017,1,280631,13.3,90.59999999999999,
3,South,7,West South Central,AR,5,Arkansas,2017,2,395663,38.8,22.7,
3,South,7,West South Central,AR,5,Arkansas,2017,2,395663,38.8,77.3,
,,,,AR,,Arkansas,2017,3,,,34.2,7
,,,,AR,,Arkansas,2017,3,,,65.8,7
,,,,AR,,Arkansas,2017,4,,,57.1,11.8
,,,,AR,,Arkansas,2017,4,,,42.9,11.8
,,,,AR,,Arkansas,2017,5,,,57.5,21.1
,,,,AR,,Arkansas,2017,5,,,42.5,21.1
,,,,AR,,Arkansas,2017,6,,,34,23.5
,,,,AR,,Arkansas,2017,6,,,66,23.5
4,West,9,Pacific,CA,6,California,2017,1,3777180,12.7,6.4,
4,West,9,Pacific,CA,6,California,2017,1,3777180,12.7,93.59999999999999,
,,,,CA,,California,2017,2,,,9,1.8
,,,,CA,,California,2017,2,,,91,1.8
,,,,CA,,California,2017,3,,,82.5,4.3
,,,,CA,,California,2017,3,,,17.5,4.3
,,,,CA,,California,2017,4,,,29.5,11.3
,,,,CA,,California,2017,4,,,70.5,11.3
,,,,CA,,California,2017,5,,,54.1,18.6
,,,,CA,,California,2017,5,,,45.9,18.6
,,,,CA,,California,2017,6,,,42.3,23.9
,,,,CA,,California,2017,6,,,57.7,23.9
4,West,8,Mountain,CO,8,Colorado,2017,1,521163,13.1,8.199999999999999,
4,West,8,Mountain,CO,8,Colorado,2017,1,521163,13.1,91.8,
4,West,8,Mountain,CO,8,Colorado,2017,2,874104,19.1,8.6,1.3
4,West,8,Mountain,CO,8,Colorado,2017,2,874104,19.1,91.40000000000001,1.3
4,West,8,Mountain,CO,8,Colorado,2017,3,760518,25.1,17.1,4
4,West,8,Mountain,CO,8,Colorado,2017,3,760518,25.1,82.90000000000001,4
,,,,CO,,Colorado,2017,4,,,26,7.8
,,,,CO,,Colorado,2017,4,,,74,7.8
4,West,8,Mountain,CO,8,Colorado,2017,5,706180,26.2,61.5,12.6
4,West,8,Mountain,CO,8,Colorado,2017,5,706180,26.2,38.5,12.6
4,West,8,Mountain,CO,8,Colorado,2017,6,772500,22.4,52.8,16.5
4,West,8,Mountain,CO,8,Colorado,2017,6,772500,22.4,47.2,16.5
,,,,CT,,Connecticut,2017,1,,,93.90000000000001,
,,,,CT,,Connecticut,2017,1,,,6.1,
,,,,CT,,Connecticut,2017,2,,,87.59999999999999,
,,,,CT,,Connecticut,2017,2,,,12.4,
1,Northeast,1,New England,CT,9,Connecticut,2017,3,421113,27,81.8,4.8
1,Northeast,1,New England,CT,9,Connecticut,2017,3,421113,27,18.2,4.8
,,,,CT,,Connecticut,2017,4,,,71.8,9.4
,,,,CT,,Connecticut,2017,4,,,28.2,9.4
,,,,CT,,Connecticut,2017,5,,,41.5,14.6
,,,,CT,,Connecticut,2017,5,,,58.5,14.6
,,,,CT,,Connecticut,2017,6,,,59.2,20.4
,,,,CT,,Connecticut,2017,6,,,40.8,20.4
3,South,5,South Atlantic,DE,10,Delaware,2017,1,83933,15.5,92.3,
3,South,5,South Atlantic,DE,10,Delaware,2017,1,83933,15.5,,
,,,,DE,,Delaware,2017,2,,,85.40000000000001,
,,,,DE,,Delaware,2017,2,,,14.6,
3,South,5,South Atlantic,DE,10,Delaware,2017,3,109408,35.7,79.7,4.9
3,South,5,South Atlantic,DE,10,Delaware,2017,3,109408,35.7,20.3,4.9
,,,,DE,,Delaware,2017,4,,,67.59999999999999,10.8
,,,,DE,,Delaware,2017,4,,,32.4,10.8
,,,,DE,,Delaware,2017,5,,,46.8,16.8
,,,,DE,,Delaware,2017,5,,,53.2,16.8
3,South,5,South Atlantic,DE,10,Delaware,2017,6,174049,33.9,61,23.4
3,South,5,South Atlantic,DE,10,Delaware,2017,6,174049,33.9,39,23.4
,,,,DC,,District of Columbia,2017,1,,,95,
,,,,DC,,District of Columbia,2017,1,,,,
,,,,DC,,District of Columbia,2017,2,,,91.40000000000001,
,,,,DC,,District of Columbia,2017,2,,,8.6,
,,,,DC,,District of Columbia,2017,3,,,20.7,5
,,,,DC,,District of Columbia,2017,3,,,79.3,5
3,South,5,South Atlantic,DC,11,District of Columbia,2017,4,76549,28.1,70.5,8.699999999999999
3,South,5,South Atlantic,DC,11,District of Columbia,2017,4,76549,28.1,29.5,8.699999999999999
,,,,DC,,District of Columbia,2017,5,,,49.7,16.6
,,,,DC,,District of Columbia,2017,5,,,50.3,16.6
3,South,5,South Atlantic,DC,11,District of Columbia,2017,6,83625,24.2,60.6,19.2
3,South,5,South Atlantic,DC,11,District of Columbia,2017,6,83625,24.2,39.4,19.2
3,South,5,South Atlantic,FL,12,Florida,2017,1,1745825,17.1,6.9,
3,South,5,South Atlantic,FL,12,Florida,2017,1,1745825,17.1,93.09999999999999,
,,,,FL,,Florida,2017,2,,,14,1.5
,,,,FL,,Florida,2017,2,,,86,1.5
3,South,5,South Atlantic,FL,12,Florida,2017,3,2516305,30.4,81.40000000000001,3.4
3,South,5,South Atlantic,FL,12,Florida,2017,3,2516305,30.4,18.6,3.4
,,,,FL,,Florida,2017,4,,,68,9.199999999999999
,,,,FL,,Florida,2017,4,,,32,9.199999999999999
3,South,5,South Atlantic,FL,12,Florida,2017,5,2784459,34.6,52,17.4
3,South,5,South Atlantic,FL,12,Florida,2017,5,2784459,34.6,48,17.4
,,,,FL,,Florida,2017,6,,,38.8,20.9
,,,,FL,,Florida,2017,6,,,61.2,20.9
3,South,5,South Atlantic,GA,13,Georgia,2017,1,1001743,16.9,90.90000000000001,
3,South,5,South Atlantic,GA,13,Georgia,2017,1,1001743,16.9,9.1,
,,,,GA,,Georgia,2017,2,,,85.3,2.5
,,,,GA,,Georgia,2017,2,,,14.7,2.5
3,South,5,South Atlantic,GA,13,Georgia,2017,3,1363609,37,77.7,5.5
3,South,5,South Atlantic,GA,13,Georgia,2017,3,1363609,37,22.3,5.5
3,South,5,South Atlantic,GA,13,Georgia,2017,4,1416189,36.2,35.6,12.7
3,South,5,South Atlantic,GA,13,Georgia,2017,4,1416189,36.2,64.40000000000001,12.7
,,,,GA,,Georgia,2017,5,,,50.7,19.8
,,,,GA,,Georgia,2017,5,,,49.3,19.8
3,South,5,South Atlantic,GA,13,Georgia,2017,6,1405994,29.3,38,24.5
3,South,5,South Atlantic,GA,13,Georgia,2017,6,1405994,29.3,62,24.5
,,,,GU,,Guam,2017,1,,14.5,94.2,
,,,,GU,,Guam,2017,1,,14.5,,
,,,,GU,,Guam,2017,2,,,9.9,
,,,,GU,,Guam,2017,2,,,90.09999999999999,
,,,,GU,,Guam,2017,3,,,28,10.4
,,,,GU,,Guam,2017,3,,,72,10.4
,,,,GU,,Guam,2017,4,,39.4,60.3,21.4
,,,,GU,,Guam,2017,4,,39.4,39.7,21.4
,,,,GU,,Guam,2017,5,,,49.9,26.1
,,,,GU,,Guam,2017,5,,,50.1,26.1
,,,,GU,,Guam,2017,6,,20.4,60.4,37.1
,,,,GU,,Guam,2017,6,,20.4,39.6,37.1
,,,,HI,,Hawaii,2017,1,,,95.40000000000001,
,,,,HI,,Hawaii,2017,1,,,4.6,
4,West,9,Pacific,HI,15,Hawaii,2017,2,205675,26.8,13.7,2.9
4,West,9,Pacific,HI,15,Hawaii,2017,2,205675,26.8,86.3,2.9
4,West,9,Pacific,HI,15,Hawaii,2017,3,178537,28.5,78.90000000000001,5.7
4,West,9,Pacific,HI,15,Hawaii,2017,3,178537,28.5,21.1,5.7
,,,,HI,,Hawaii,2017,4,,,29.7,11.8
,,,,HI,,Hawaii,2017,4,,,70.3,11.8
4,West,9,Pacific,HI,15,Hawaii,2017,5,182691,22.2,54.4,17.3
4,West,9,Pacific,HI,15,Hawaii,2017,5,182691,22.2,45.6,17.3
4,West,9,Pacific,HI,15,Hawaii,2017,6,254085,19.8,45,21.3
4,West,9,Pacific,HI,15,Hawaii,2017,6,254085,19.8,55,21.3
,,,,ID,,Idaho,2017,1,,,5.7,
,,,,ID,,Idaho,2017,1,,,94.3,
4,West,8,Mountain,ID,16,Idaho,2017,2,226935,29,11,
4,West,8,Mountain,ID,16,Idaho,2017,2,226935,29,89,
4,West,8,Mountain,ID,16,Idaho,2017,3,213133,31.9,17.4,3.9
4,West,8,Mountain,ID,16,Idaho,2017,3,213133,31.9,82.59999999999999,3.9
,,,,ID,,Idaho,2017,4,,,33.6,9.4
,,,,ID,,Idaho,2017,4,,,66.40000000000001,9.4
,,,,ID,,Idaho,2017,5,,,54.2,13.6
,,,,ID,,Idaho,2017,5,,,45.8,13.6
4,West,8,Mountain,ID,16,Idaho,2017,6,264202,26.1,45,19
4,West,8,Mountain,ID,16,Idaho,2017,6,264202,26.1,55,19
,,,,IL,,Illinois,2017,1,,,95.5,
,,,,IL,,Illinois,2017,1,,,,
,,,,IL,,Illinois,2017,2,,,86.40000000000001,2.6
,,,,IL,,Illinois,2017,2,,,13.6,2.6
,,,,IL,,Illinois,2017,3,,,80.90000000000001,6.2
,,,,IL,,Illinois,2017,3,,,19.1,6.2
2,Midwest,3,East North Central,IL,17,Illinois,2017,4,1677934,39.7,35.8,11.6
2,Midwest,3,East North Central,IL,17,Illinois,2017,4,1677934,39.7,64.2,11.6
2,Midwest,3,East North Central,IL,17,Illinois,2017,5,1663555,37.8,47.4,17.8
2,Midwest,3,East North Central,IL,17,Illinois,2017,5,1663555,37.8,52.6,17.8
,,,,IL,,Illinois,2017,6,,,61.5,21.6
,,,,IL,,Illinois,2017,6,,,38.5,21.6
,,,,IN,,Indiana,2017,1,,,10,
,,,,IN,,Indiana,2017,1,,,90,
2,Midwest,3,East North Central,IN,18,Indiana,2017,2,867834,31.4,84.3,2.4
2,Midwest,3,East North Central,IN,18,Indiana,2017,2,867834,31.4,15.7,2.4
,,,,IN,,Indiana,2017,3,,,78.2,5.2
,,,,IN,,Indiana,2017,3,,,21.8,5.2
2,Midwest,3,East North Central,IN,18,Indiana,2017,4,853175,38,36.8,12.1
2,Midwest,3,East North Central,IN,18,Indiana,2017,4,853175,38,63.2,12.1
,,,,IN,,Indiana,2017,5,,,47.8,19.7
,,,,IN,,Indiana,2017,5,,,52.2,19.7
,,,,IN,,Indiana,2017,6,,,37.2,24.4
,,,,IN,,Indiana,2017,6,,,62.8,24.4
,,,,IA,,Iowa,2017,1,,,5.8,
,,,,IA,,Iowa,2017,1,,,94.2,
,,,,IA,,Iowa,2017,2,,,88,
,,,,IA,,Iowa,2017,2,,,12,
,,,,IA,,Iowa,2017,3,,,81.09999999999999,3.5
,,,,IA,,Iowa,2017,3,,,18.9,3.5
2,Midwest,4,West North Central,IA,19,Iowa,2017,4,380274,42.4,68.40000000000001,8.4
2,Midwest,4,West North Central,IA,19,Iowa,2017,4,380274,42.4,31.6,8.4
2,Midwest,4,West North Central,IA,19,Iowa,2017,5,417113,43.2,45.7,15.4
2,Midwest,4,West North Central,IA,19,Iowa,2017,5,417113,43.2,54.3,15.4
2,Midwest,4,West North Central,IA,19,Iowa,2017,6,524837,32.5,41,21
2,Midwest,4,West North Central,IA,19,Iowa,2017,6,524837,32.5,59,21
2,Midwest,4,West North Central,KS,20,Kansas,2017,1,295667,21.9,8.300000000000001,1
2,Midwest,4,West North Central,KS,20,Kansas,2017,1,295667,21.9,91.7,1
2,Midwest,4,West North Central,KS,20,Kansas,2017,2,384343,31.4,86.59999999999999,2
2,Midwest,4,West North Central,KS,20,Kansas,2017,2,384343,31.4,13.4,2
2,Midwest,4,West North Central,KS,20,Kansas,2017,3,351323,35.6,20.8,5.6
2,Midwest,4,West North Central,KS,20,Kansas,2017,3,351323,35.6,79.2,5.6
,,,,KS,,Kansas,2017,4,,,64.40000000000001,11.2
,,,,KS,,Kansas,2017,4,,,35.6,11.2
,,,,KS,,Kansas,2017,5,,,47.7,16.7
,,,,KS,,Kansas,2017,5,,,52.3,16.7
2,Midwest,4,West North Central,KS,20,Kansas,2017,6,447958,29.3,39.4,22.2
2,Midwest,4,West North Central,KS,20,Kansas,2017,6,447958,29.3,60.6,22.2
3,South,6,East South Central,KY,21,Kentucky,2017,1,418462,20.3,8.5,
3,South,6,East South Central,KY,21,Kentucky,2017,1,418462,20.3,91.5,
3,South,6,East South Central,KY,21,Kentucky,2017,2,581683,35.9,17,2.9
3,South,6,East South Central,KY,21,Kentucky,2017,2,581683,35.9,83,2.9
3,South,6,East South Central,KY,21,Kentucky,2017,3,550500,38.7,71.7,5.4
3,South,6,East South Central,KY,21,Kentucky,2017,3,550500,38.7,28.3,5.4
,,,,KY,,Kentucky,2017,4,,,43.8,13.5
,,,,KY,,Kentucky,2017,4,,,56.2,13.5
3,South,6,East South Central,KY,21,Kentucky,2017,5,593651,35.6,55.4,20.7
3,South,6,East South Central,KY,21,Kentucky,2017,5,593651,35.6,44.6,20.7
,,,,KY,,Kentucky,2017,6,,,66.8,26.8
,,,,KY,,Kentucky,2017,6,,,33.2,26.8
3,South,7,West South Central,LA,22,Louisiana,2017,1,431040,21,93.59999999999999,
3,South,7,West South Central,LA,22,Louisiana,2017,1,431040,21,6.4,
,,,,LA,,Louisiana,2017,2,,,17.2,4.2
,,,,LA,,Louisiana,2017,2,,,82.8,4.2
3,South,7,West South Central,LA,22,Louisiana,2017,3,576349,38.3,70.09999999999999,6.8
3,South,7,West South Central,LA,22,Louisiana,2017,3,576349,38.3,29.9,6.8
3,South,7,West South Central,LA,22,Louisiana,2017,4,577886,46.8,52.7,16.6
3,South,7,West South Central,LA,22,Louisiana,2017,4,577886,46.8,47.3,16.6
,,,,LA,,Louisiana,2017,5,,,45.3,21.2
,,,,LA,,Louisiana,2017,5,,,54.7,21.2
,,,,LA,,Louisiana,2017,6,,,32,26
,,,,LA,,Louisiana,2017,6,,,68,26
1,Northeast,1,New England,ME,23,Maine,2017,1,108505,12.8,8.800000000000001,
1,Northeast,1,New England,ME,23,Maine,2017,1,108505,12.8,91.2,
1,Northeast,1,New England,ME,23,Maine,2017,2,158225,26.9,14.7,
1,Northeast,1,New England,ME,23,Maine,2017,2,158225,26.9,85.3,
1,Northeast,1,New England,ME,23,Maine,2017,3,151239,32.4,78.09999999999999,4.7
1,Northeast,1,New England,ME,23,Maine,2017,3,151239,32.4,21.9,4.7
,,,,ME,,Maine,2017,4,,,31.5,10.3
,,,,ME,,Maine,2017,4,,,68.5,10.3
,,,,ME,,Maine,2017,5,,,55.9,15.5
,,,,ME,,Maine,2017,5,,,44.1,15.5
1,Northeast,1,New England,ME,23,Maine,2017,6,266682,27.8,59.4,19.2
1,Northeast,1,New England,ME,23,Maine,2017,6,266682,27.8,40.6,19.2
3,South,5,South Atlantic,MD,24,Maryland,2017,1,536053,18.4,92.2,
3,South,5,South Atlantic,MD,24,Maryland,2017,1,536053,18.4,7.8,
3,South,5,South Atlantic,MD,24,Maryland,2017,2,831191,26.3,12.6,
3,South,5,South Atlantic,MD,24,Maryland,2017,2,831191,26.3,87.40000000000001,
3,South,5,South Atlantic,MD,24,Maryland,2017,3,764791,36.3,17.9,6
3,South,5,South Atlantic,MD,24,Maryland,2017,3,764791,36.3,82.09999999999999,6
,,,,MD,,Maryland,2017,4,,,33,10.7
,,,,MD,,Maryland,2017,4,,,67,10.7
3,South,5,South Atlantic,MD,24,Maryland,2017,5,805372,35.3,48.2,16.6
3,South,5,South Atlantic,MD,24,Maryland,2017,5,805372,35.3,51.8,16.6
,,,,MD,,Maryland,2017,6,,,37.4,21.6
,,,,MD,,Maryland,2017,6,,,62.6,21.6
1,Northeast,1,New England,MA,25,Massachusetts,2017,1,700806,9.5,,
1,Northeast,1,New England,MA,25,Massachusetts,2017,1,700806,9.5,96.09999999999999,
,,,,MA,,Massachusetts,2017,2,,,92.3,
,,,,MA,,Massachusetts,2017,2,,,7.7,
1,Northeast,1,New England,MA,25,Massachusetts,2017,3,830414,28.5,17.7,
1,Northeast,1,New England,MA,25,Massachusetts,2017,3,830414,28.5,82.3,
,,,,MA,,Massachusetts,2017,4,,,72,7.9
,,,,MA,,Massachusetts,2017,4,,,28,7.9
,,,,MA,,Massachusetts,2017,5,,,57.6,17.6
,,,,MA,,Massachusetts,2017,5,,,42.4,17.6
,,,,MA,,Massachusetts,2017,6,,,42,20.1
,,,,MA,,Massachusetts,2017,6,,,58,20.1
,,,,MI,,Michigan,2017,1,,,91.8,
,,,,MI,,Michigan,2017,1,,,8.199999999999999,
2,Midwest,3,East North Central,MI,26,Michigan,2017,2,1274361,28.9,84.3,
2,Midwest,3,East North Central,MI,26,Michigan,2017,2,1274361,28.9,15.7,
2,Midwest,3,East North Central,MI,26,Michigan,2017,3,1157647,35.5,21.1,4.1
2,Midwest,3,East North Central,MI,26,Michigan,2017,3,1157647,35.5,78.90000000000001,4.1
,,,,MI,,Michigan,2017,4,,,65.7,11.2
,,,,MI,,Michigan,2017,4,,,34.3,11.2
,,,,MI,,Michigan,2017,5,,,48.8,17.1
,,,,MI,,Michigan,2017,5,,,51.2,17.1
2,Midwest,3,East North Central,MI,26,Michigan,2017,6,1664330,32.4,37.5,23.8
2,Midwest,3,East North Central,MI,26,Michigan,2017,6,1664330,32.4,62.5,23.8
2,Midwest,4,West North Central,MN,27,Minnesota,2017,1,502336,15.2,94.59999999999999,
2,Midwest,4,West North Central,MN,27,Minnesota,2017,1,502336,15.2,5.4,
2,Midwest,4,West North Central,MN,27,Minnesota,2017,2,755168,24.1,10.3,1.9
2,Midwest,4,West North Central,MN,27,Minnesota,2017,2,755168,24.1,89.7,1.9
2,Midwest,4,West North Central,MN,27,Minnesota,2017,3,692589,33.5,15.2,3.2
2,Midwest,4,West North Central,MN,27,Minnesota,2017,3,692589,33.5,84.8,3.2
2,Midwest,4,West North Central,MN,27,Minnesota,2017,4,710103,32.2,75,7.6
2,Midwest,4,West North Central,MN,27,Minnesota,2017,4,710103,32.2,25,7.6
2,Midwest,4,West North Central,MN,27,Minnesota,2017,5,748171,33,61.4,11.2
2,Midwest,4,West North Central,MN,27,Minnesota,2017,5,748171,33,38.6,11.2
2,Midwest,4,West North Central,MN,27,Minnesota,2017,6,858345,28.8,52.9,17.3
2,Midwest,4,West North Central,MN,27,Minnesota,2017,6,858345,28.8,47.1,17.3
,,,,MS,,Mississippi,2017,1,,,90.5,
,,,,MS,,Mississippi,2017,1,,,9.5,
3,South,6,East South Central,MS,28,Mississippi,2017,2,394552,39.9,19.3,
3,South,6,East South Central,MS,28,Mississippi,2017,2,394552,39.9,80.7,
3,South,6,East South Central,MS,28,Mississippi,2017,3,365187,41.1,30.8,8.300000000000001
3,South,6,East South Central,MS,28,Mississippi,2017,3,365187,41.1,69.2,8.300000000000001
3,South,6,East South Central,MS,28,Mississippi,2017,4,375341,41.4,44.1,15.2
3,South,6,East South Central,MS,28,Mississippi,2017,4,375341,41.4,55.9,15.2
3,South,6,East South Central,MS,28,Mississippi,2017,5,383988,42.9,61.6,24.6
3,South,6,East South Central,MS,28,Mississippi,2017,5,383988,42.9,38.4,24.6
,,,,MS,,Mississippi,2017,6,,,32.4,27.6
,,,,MS,,Mississippi,2017,6,,,67.59999999999999,27.6
,,,,MO,,Missouri,2017,1,,,5.4,
,,,,MO,,Missouri,2017,1,,,94.59999999999999,
2,Midwest,4,West North Central,MO,29,Missouri,2017,2,819980,30.7,11.6,
2,Midwest,4,West North Central,MO,29,Missouri,2017,2,819980,30.7,88.40000000000001,
,,,,MO,,Missouri,2017,3,,,20.5,3.9
,,,,MO,,Missouri,2017,3,,,79.5,3.9
,,,,MO,,Missouri,2017,4,,,66.40000000000001,10.7
,,,,MO,,Missouri,2017,4,,,33.6,10.7
,,,,MO,,Missouri,2017,5,,,43.8,17.4
,,,,MO,,Missouri,2017,5,,,56.2,17.4
,,,,MO,,Missouri,2017,6,,,38.6,21.6
,,,,MO,,Missouri,2017,6,,,61.4,21.6
,,,,MT,,Montana,2017,1,,,5.8,
,,,,MT,,Montana,2017,1,,,94.2,
,,,,MT,,Montana,2017,2,,,9.199999999999999,
,,,,MT,,Montana,2017,2,,,90.8,
4,West,8,Mountain,MT,30,Montana,2017,3,123241,29.1,21.1,3.5
4,West,8,Mountain,MT,30,Montana,2017,3,123241,29.1,78.90000000000001,3.5
4,West,8,Mountain,MT,30,Montana,2017,4,122781,31.4,27.3,7.6
4,West,8,Mountain,MT,30,Montana,2017,4,122781,31.4,72.7,7.6
4,West,8,Mountain,MT,30,Montana,2017,5,152088,30.1,39.3,12.6
4,West,8,Mountain,MT,30,Montana,2017,5,152088,30.1,60.7,12.6
4,West,8,Mountain,MT,30,Montana,2017,6,190383,23.1,47.6,15.3
4,West,8,Mountain,MT,30,Montana,2017,6,190383,23.1,52.4,15.3
,,,,NE,,Nebraska,2017,1,,,6.3,
,,,,NE,,Nebraska,2017,1,,,93.7,
2,Midwest,4,West North Central,NE,31,Nebraska,2017,2,255112,30.6,89.09999999999999,2.9
2,Midwest,4,West North Central,NE,31,Nebraska,2017,2,255112,30.6,10.9,2.9
2,Midwest,4,West North Central,NE,31,Nebraska,2017,3,234241,36,82,5.4
2,Midwest,4,West North Central,NE,31,Nebraska,2017,3,234241,36,18,5.4
,,,,NE,,Nebraska,2017,4,,,66.3,11.3
,,,,NE,,Nebraska,2017,4,,,33.7,11.3
2,Midwest,4,West North Central,NE,31,Nebraska,2017,5,241956,38.7,44,15.3
2,Midwest,4,West North Central,NE,31,Nebraska,2017,5,241956,38.7,56,15.3
2,Midwest,4,West North Central,NE,31,Nebraska,2017,6,294091,31.8,40.2,21
2,Midwest,4,West North Central,NE,31,Nebraska,2017,6,294091,31.8,59.8,21
4,West,8,Mountain,NV,32,Nevada,2017,1,246012,17.4,95.90000000000001,
4,West,8,Mountain,NV,32,Nevada,2017,1,246012,17.4,,
4,West,8,Mountain,NV,32,Nevada,2017,2,434411,28.9,85.09999999999999,
4,West,8,Mountain,NV,32,Nevada,2017,2,434411,28.9,14.9,
4,West,8,Mountain,NV,32,Nevada,2017,3,392251,25.3,14.9,
4,West,8,Mountain,NV,32,Nevada,2017,3,392251,25.3,85.09999999999999,
4,West,8,Mountain,NV,32,Nevada,2017,4,391410,32.6,36,12
4,West,8,Mountain,NV,32,Nevada,2017,4,391410,32.6,64,12
4,West,8,Mountain,NV,32,Nevada,2017,5,367425,27.4,52.8,19.1
4,West,8,Mountain,NV,32,Nevada,2017,5,367425,27.4,47.2,19.1
4,West,8,Mountain,NV,32,Nevada,2017,6,456861,25,60.4,21.8
4,West,8,Mountain,NV,32,Nevada,2017,6,456861,25,39.6,21.8
1,Northeast,1,New England,NH,33,New Hampshire,2017,1,127836,17.1,95.8,
1,Northeast,1,New England,NH,33,New Hampshire,2017,1,127836,17.1,,
,,,,NH,,New Hampshire,2017,2,,,89.59999999999999,
,,,,NH,,New Hampshire,2017,2,,,10.4,
1,Northeast,1,New England,NH,33,New Hampshire,2017,3,153207,28.9,16.5,3.3
1,Northeast,1,New England,NH,33,New Hampshire,2017,3,153207,28.9,83.5,3.3
,,,,NH,,New Hampshire,2017,4,,,27.5,7.3
,,,,NH,,New Hampshire,2017,4,,,72.5,7.3
,,,,NH,,New Hampshire,2017,5,,,39.9,10.6
,,,,NH,,New Hampshire,2017,5,,,60.1,10.6
1,Northeast,1,New England,NH,33,New Hampshire,2017,6,235612,29,40.7,18.7
1,Northeast,1,New England,NH,33,New Hampshire,2017,6,235612,29,59.3,18.7
1,Northeast,2,Middle Atlantic,NJ,34,New Jersey,2017,1,771220,15.3,88.90000000000001,
1,Northeast,2,Middle Atlantic,NJ,34,New Jersey,2017,1,771220,15.3,11.1,
1,Northeast,2,Middle Atlantic,NJ,34,New Jersey,2017,2,1140920,25.7,13.3,2.7
1,Northeast,2,Middle Atlantic,NJ,34,New Jersey,2017,2,1140920,25.7,86.7,2.7
,,,,NJ,,New Jersey,2017,3,,,79.90000000000001,5.1
,,,,NJ,,New Jersey,2017,3,,,20.1,5.1
,,,,NJ,,New Jersey,2017,4,,,71.2,10.4
,,,,NJ,,New Jersey,2017,4,,,28.8,10.4
,,,,NJ,,New Jersey,2017,5,,,53,17.3
,,,,NJ,,New Jersey,2017,5,,,47,17.3
,,,,NJ,,New Jersey,2017,6,,,63,22.8
,,,,NJ,,New Jersey,2017,6,,,37,22.8
,,,,NM,,New Mexico,2017,1,,,6.2,
,,,,NM,,New Mexico,2017,1,,,93.8,
,,,,NM,,New Mexico,2017,2,,,14.1,
,,,,NM,,New Mexico,2017,2,,,85.90000000000001,
,,,,NM,,New Mexico,2017,3,,,79.09999999999999,6.7
,,,,NM,,New Mexico,2017,3,,,20.9,6.7
4,West,8,Mountain,NM,35,New Mexico,2017,4,246037,34.7,68.09999999999999,12.1
4,West,8,Mountain,NM,35,New Mexico,2017,4,246037,34.7,31.9,12.1
,,,,NM,,New Mexico,2017,5,,,56.4,15.4
,,,,NM,,New Mexico,2017,5,,,43.6,15.4
,,,,NM,,New Mexico,2017,6,,,46.8,20.1
,,,,NM,,New Mexico,2017,6,,,53.2,20.1
,,,,NY,,New York,2017,1,,,92.2,
,,,,NY,,New York,2017,1,,,7.8,
1,Northeast,2,Middle Atlantic,NY,36,New York,2017,2,2873558,22,11.3,2
1,Northeast,2,Middle Atlantic,NY,36,New York,2017,2,2873558,22,88.7,2
1,Northeast,2,Middle Atlantic,NY,36,New York,2017,3,2423248,28.4,17.2,3.9
1,Northeast,2,Middle Atlantic,NY,36,New York,2017,3,2423248,28.4,82.8,3.9
,,,,NY,,New York,2017,4,,,69.2,11
,,,,NY,,New York,2017,4,,,30.8,11
,,,,NY,,New York,2017,5,,,56.5,16.4
,,,,NY,,New York,2017,5,,,43.5,16.4
1,Northeast,2,Middle Atlantic,NY,36,New York,2017,6,3148544,26.9,44.4,23.4
1,Northeast,2,Middle Atlantic,NY,36,New York,2017,6,3148544,26.9,55.6,23.4
3,South,5,South Atlantic,NC,37,North Carolina,2017,1,978847,15.6,91,
3,South,5,South Atlantic,NC,37,North Carolina,2017,1,978847,15.6,9,
3,South,5,South Atlantic,NC,37,North Carolina,2017,2,1368466,32.6,87.3,
3,South,5,South Atlantic,NC,37,North Carolina,2017,2,1368466,32.6,12.7,
3,South,5,South Atlantic,NC,37,North Carolina,2017,3,1288043,34.2,79.3,7.3
3,South,5,South Atlantic,NC,37,North Carolina,2017,3,1288043,34.2,20.7,7.3
,,,,NC,,North Carolina,2017,4,,,34.6,10.6
,,,,NC,,North Carolina,2017,4,,,65.40000000000001,10.6
,,,,NC,,North Carolina,2017,5,,,47.3,18.9
,,,,NC,,North Carolina,2017,5,,,52.7,18.9
,,,,NC,,North Carolina,2017,6,,,65,22.7
,,,,NC,,North Carolina,2017,6,,,35,22.7
,,,,ND,,North Dakota,2017,1,,,95.40000000000001,
,,,,ND,,North Dakota,2017,1,,,4.6,
2,Midwest,4,West North Central,ND,38,North Dakota,2017,2,114453,31.5,87.7,
2,Midwest,4,West North Central,ND,38,North Dakota,2017,2,114453,31.5,12.3,
2,Midwest,4,West North Central,ND,38,North Dakota,2017,3,88067,38.5,20.6,5.5
2,Midwest,4,West North Central,ND,38,North Dakota,2017,3,88067,38.5,79.40000000000001,5.5
2,Midwest,4,West North Central,ND,38,North Dakota,2017,4,82146,38,68.7,8.6
2,Midwest,4,West North Central,ND,38,North Dakota,2017,4,82146,38,31.3,8.6
2,Midwest,4,West North Central,ND,38,North Dakota,2017,5,94932,38.6,43.9,15.5
2,Midwest,4,West North Central,ND,38,North Dakota,2017,5,94932,38.6,56.1,15.5
,,,,ND,,North Dakota,2017,6,,,59.9,20.1
,,,,ND,,North Dakota,2017,6,,,40.1,20.1
,,,,OH,,Ohio,2017,1,,,90.09999999999999,
,,,,OH,,Ohio,2017,1,,,9.9,
,,,,OH,,Ohio,2017,2,,,86.09999999999999,1.7
,,,,OH,,Ohio,2017,2,,,13.9,1.7
,,,,OH,,Ohio,2017,3,,,22.5,6.6
,,,,OH,,Ohio,2017,3,,,77.5,6.6
,,,,OH,,Ohio,2017,4,,,64.40000000000001,9.5
,,,,OH,,Ohio,2017,4,,,35.6,9.5
2,Midwest,3,East North Central,OH,39,Ohio,2017,5,1610775,37.5,49.6,18.6
2,Midwest,3,East North Central,OH,39,Ohio,2017,5,1610775,37.5,50.4,18.6
2,Midwest,3,East North Central,OH,39,Ohio,2017,6,1939842,30.9,40.1,22.9
2,Midwest,3,East North Central,OH,39,Ohio,2017,6,1939842,30.9,59.9,22.9
,,,,OK,,Oklahoma,2017,1,,,89.90000000000001,
,,,,OK,,Oklahoma,2017,1,,,10.1,
3,South,7,West South Central,OK,40,Oklahoma,2017,2,545926,31.6,82,3.4
3,South,7,West South Central,OK,40,Oklahoma,2017,2,545926,31.6,18,3.4
,,,,OK,,Oklahoma,2017,3,,,24.8,7.2
,,,,OK,,Oklahoma,2017,3,,,75.2,7.2
3,South,7,West South Central,OK,40,Oklahoma,2017,4,469042,44,59.9,14.1
3,South,7,West South Central,OK,40,Oklahoma,2017,4,469042,44,40.1,14.1
3,South,7,West South Central,OK,40,Oklahoma,2017,5,490974,40,44.2,21.7
3,South,7,West South Central,OK,40,Oklahoma,2017,5,490974,40,55.8,21.7
,,,,OK,,Oklahoma,2017,6,,,66.5,24.4
,,,,OK,,Oklahoma,2017,6,,,33.5,24.4
,,,,OR,,Oregon,2017,1,,,95.2,
,,,,OR,,Oregon,2017,1,,,4.8,
,,,,OR,,Oregon,2017,2,,,87,2.2
,,,,OR,,Oregon,2017,2,,,13,2.2
,,,,OR,,Oregon,2017,3,,,82.2,3.2
,,,,OR,,Oregon,2017,3,,,17.8,3.2
,,,,OR,,Oregon,2017,4,,,30.2,10.1
,,,,OR,,Oregon,2017,4,,,69.8,10.1
,,,,OR,,Oregon,2017,5,,,43.3,15.5
,,,,OR,,Oregon,2017,5,,,56.7,15.5
4,West,9,Pacific,OR,41,Oregon,2017,6,708337,30.3,44.7,19.4
4,West,9,Pacific,OR,41,Oregon,2017,6,708337,30.3,55.3,19.4
1,Northeast,2,Middle Atlantic,PA,42,Pennsylvania,2017,1,1169598,15.9,91.8,
1,Northeast,2,Middle Atlantic,PA,42,Pennsylvania,2017,1,1169598,15.9,8.199999999999999,
,,,,PA,,Pennsylvania,2017,2,,,87.40000000000001,1.6
,,,,PA,,Pennsylvania,2017,2,,,12.6,1.6
,,,,PA,,Pennsylvania,2017,3,,,80.7,5.2
,,,,PA,,Pennsylvania,2017,3,,,19.3,5.2
,,,,PA,,Pennsylvania,2017,4,,,69.59999999999999,9.9
,,,,PA,,Pennsylvania,2017,4,,,30.4,9.9
1,Northeast,2,Middle Atlantic,PA,42,Pennsylvania,2017,5,1810404,38.6,54.6,16.6
1,Northeast,2,Middle Atlantic,PA,42,Pennsylvania,2017,5,1810404,38.6,45.4,16.6
,,,,PA,,Pennsylvania,2017,6,,,60,21.5
,,,,PA,,Pennsylvania,2017,6,,,40,21.5
,,,,PR,,Puerto Rico,2017,1,,14.4,91.09999999999999,
,,,,PR,,Puerto Rico,2017,1,,14.4,8.9,
,,,,PR,,Puerto Rico,2017,2,,,23.4,
,,,,PR,,Puerto Rico,2017,2,,,76.59999999999999,
,,,,PR,,Puerto Rico,2017,3,,,28.4,5.7
,,,,PR,,Puerto Rico,2017,3,,,71.59999999999999,5.7
,,,,PR,,Puerto Rico,2017,4,,41.8,51.6,18.5
,,,,PR,,Puerto Rico,2017,4,,41.8,48.4,18.5
,,,,PR,,Puerto Rico,2017,5,,,34.9,27.9
,,,,PR,,Puerto Rico,2017,5,,,65.09999999999999,27.9
,,,,PR,,Puerto Rico,2017,6,,27.1,73,36.8
,,,,PR,,Puerto Rico,2017,6,,27.1,27,36.8
,,,,RI,,Rhode Island,2017,1,,,94.40000000000001,
,,,,RI,,Rhode Island,2017,1,,,,
,,,,RI,,Rhode Island,2017,2,,,87.3,
,,,,RI,,Rhode Island,2017,2,,,12.7,
1,Northeast,1,New England,RI,44,Rhode Island,2017,3,123031,32.3,77.59999999999999,3.3
1,Northeast,1,New England,RI,44,Rhode Island,2017,3,123031,32.3,22.4,3.3
,,,,RI,,Rhode Island,2017,4,,,66.2,9.6
,,,,RI,,Rhode Island,2017,4,,,33.8,9.6
,,,,RI,,Rhode Island,2017,5,,,55.6,12.8
,,,,RI,,Rhode Island,2017,5,,,44.4,12.8
1,Northeast,1,New England,RI,44,Rhode Island,2017,6,177453,28.2,63.4,18.5
1,Northeast,1,New England,RI,44,Rhode Island,2017,6,177453,28.2,36.6,18.5
,,,,SC,,South Carolina,2017,1,,,8.1,
,,,,SC,,South Carolina,2017,1,,,91.90000000000001,
3,South,5,South Atlantic,SC,45,South Carolina,2017,2,664989,33.7,86,2.4
3,South,5,South Atlantic,SC,45,South Carolina,2017,2,664989,33.7,14,2.4
,,,,SC,,South Carolina,2017,3,,,74,8.800000000000001
,,,,SC,,South Carolina,2017,3,,,26,8.800000000000001
,,,,SC,,South Carolina,2017,4,,,59.4,14.2
,,,,SC,,South Carolina,2017,4,,,40.6,14.2
,,,,SC,,South Carolina,2017,5,,,45.1,21.2
,,,,SC,,South Carolina,2017,5,,,54.9,21.2
,,,,SC,,South Carolina,2017,6,,,66.5,25.4
,,,,SC,,South Carolina,2017,6,,,33.5,25.4
,,,,SD,,South Dakota,2017,1,,,6,
,,,,SD,,South Dakota,2017,1,,,94,
2,Midwest,4,West North Central,SD,46,South Dakota,2017,2,115284,32.8,15,
2,Midwest,4,West North Central,SD,46,South Dakota,2017,2,115284,32.8,85,
2,Midwest,4,West North Central,SD,46,South Dakota,2017,3,101245,29.6,17.2,8.300000000000001
2,Midwest,4,West North Central,SD,46,South Dakota,2017,3,101245,29.6,82.8,8.300000000000001
,,,,SD,,South Dakota,2017,4,,,30.5,9.800000000000001
,,,,SD,,South Dakota,2017,4,,,69.5,9.800000000000001
2,Midwest,4,West North Central,SD,46,South Dakota,2017,5,116204,37.2,56.4,12.3
2,Midwest,4,West North Central,SD,46,South Dakota,2017,5,116204,37.2,43.6,12.3
,,,,SD,,South Dakota,2017,6,,,57.2,24.7
,,,,SD,,South Dakota,2017,6,,,42.8,24.7
,,,,TN,,Tennessee,2017,1,,,14,
,,,,TN,,Tennessee,2017,1,,,86,
,,,,TN,,Tennessee,2017,2,,,87.59999999999999,2.4
,,,,TN,,Tennessee,2017,2,,,12.4,2.4
3,South,6,East South Central,TN,47,Tennessee,2017,3,833559,38.9,28.6,7.5
3,South,6,East South Central,TN,47,Tennessee,2017,3,833559,38.9,71.40000000000001,7.5
3,South,6,East South Central,TN,47,Tennessee,2017,4,890592,38.5,59.2,14.1
3,South,6,East South Central,TN,47,Tennessee,2017,4,890592,38.5,40.8,14.1
3,South,6,East South Central,TN,47,Tennessee,2017,5,875032,38.4,43.7,20.6
3,South,6,East South Central,TN,47,Tennessee,2017,5,875032,38.4,56.3,20.6
3,South,6,East South Central,TN,47,Tennessee,2017,6,1074713,30.6,34.6,26.1
3,South,6,East South Central,TN,47,Tennessee,2017,6,1074713,30.6,65.40000000000001,26.1
,,,,TX,,Texas,2017,1,,,93.5,
,,,,TX,,Texas,2017,1,,,6.5,
,,,,TX,,Texas,2017,2,,,85.90000000000001,
,,,,TX,,Texas,2017,2,,,14.1,
3,South,7,West South Central,TX,48,Texas,2017,3,3806648,39.3,22.3,7.3
3,South,7,West South Central,TX,48,Texas,2017,3,3806648,39.3,77.7,7.3
,,,,TX,,Texas,2017,4,,,62.9,13.8
,,,,TX,,Texas,2017,4,,,37.1,13.8
,,,,TX,,Texas,2017,5,,,49.3,21.5
,,,,TX,,Texas,2017,5,,,50.7,21.5
,,,,TX,,Texas,2017,6,,,36.1,27.7
,,,,TX,,Texas,2017,6,,,63.9,27.7
4,West,8,Mountain,UT,49,Utah,2017,1,346633,13.3,93.90000000000001,
4,West,8,Mountain,UT,49,Utah,2017,1,346633,13.3,6.1,
,,,,UT,,Utah,2017,2,,,89.7,1.4
,,,,UT,,Utah,2017,2,,,10.3,1.4
4,West,8,Mountain,UT,49,Utah,2017,3,422343,28.4,83.40000000000001,2.5
4,West,8,Mountain,UT,49,Utah,2017,3,422343,28.4,16.6,2.5
4,West,8,Mountain,UT,49,Utah,2017,4,317076,30,73.90000000000001,8.6
4,West,8,Mountain,UT,49,Utah,2017,4,317076,30,26.1,8.6
,,,,UT,,Utah,2017,5,,,59.3,12.3
,,,,UT,,Utah,2017,5,,,40.7,12.3
4,West,8,Mountain,UT,49,Utah,2017,6,333712,26.8,43.7,20.6
4,West,8,Mountain,UT,49,Utah,2017,6,333712,26.8,56.3,20.6
1,Northeast,1,New England,VT,50,Vermont,2017,1,67338,14.3,7.7,
1,Northeast,1,New England,VT,50,Vermont,2017,1,67338,14.3,92.3,
,,,,VT,,Vermont,2017,2,,,86.3,
,,,,VT,,Vermont,2017,2,,,13.7,
,,,,VT,,Vermont,2017,3,,,15.2,4
,,,,VT,,Vermont,2017,3,,,84.8,4
1,Northeast,1,New England,VT,50,Vermont,2017,4,83683,33.9,73.5,8.4
1,Northeast,1,New England,VT,50,Vermont,2017,4,83683,33.9,26.5,8.4
1,Northeast,1,New England,VT,50,Vermont,2017,5,96739,29.6,41.5,10.2
1,Northeast,1,New England,VT,50,Vermont,2017,5,96739,29.6,58.5,10.2
,,,,VT,,Vermont,2017,6,,,44,17.7
,,,,VT,,Vermont,2017,6,,,56,17.7
,,,,VA,,Virginia,2017,1,,,89.40000000000001,
,,,,VA,,Virginia,2017,1,,,10.6,
3,South,5,South Atlantic,VA,51,Virginia,2017,2,1184026,28.8,10.4,
3,South,5,South Atlantic,VA,51,Virginia,2017,2,1184026,28.8,89.59999999999999,
,,,,VA,,Virginia,2017,3,,,23.4,5.6
,,,,VA,,Virginia,2017,3,,,76.59999999999999,5.6
,,,,VA,,Virginia,2017,4,,,31.1,11.1
,,,,VA,,Virginia,2017,4,,,68.90000000000001,11.1
3,South,5,South Atlantic,VA,51,Virginia,2017,5,1094141,35.4,52.3,19.2
3,South,5,South Atlantic,VA,51,Virginia,2017,5,1094141,35.4,47.7,19.2
3,South,5,South Atlantic,VA,51,Virginia,2017,6,1272074,28.2,38.2,20.9
3,South,5,South Atlantic,VA,51,Virginia,2017,6,1272074,28.2,61.8,20.9
4,West,9,Pacific,WA,53,Washington,2017,1,656877,17.3,92.3,
4,West,9,Pacific,WA,53,Washington,2017,1,656877,17.3,7.7,
4,West,9,Pacific,WA,53,Washington,2017,2,1125767,25.1,13.7,2.7
4,West,9,Pacific,WA,53,Washington,2017,2,1125767,25.1,86.3,2.7
,,,,WA,,Washington,2017,3,,,18.1,4.8
,,,,WA,,Washington,2017,3,,,81.90000000000001,4.8
,,,,WA,,Washington,2017,4,,,71.8,9.800000000000001
,,,,WA,,Washington,2017,4,,,28.2,9.800000000000001
4,West,9,Pacific,WA,53,Washington,2017,5,956072,32.4,43.6,14.9
4,West,9,Pacific,WA,53,Washington,2017,5,956072,32.4,56.4,14.9
,,,,WA,,Washington,2017,6,,,55.6,18
,,,,WA,,Washington,2017,6,,,44.4,18
3,South,5,South Atlantic,WV,54,West Virginia,2017,1,158441,24.5,88.40000000000001,
3,South,5,South Atlantic,WV,54,West Virginia,2017,1,158441,24.5,11.6,
,,,,WV,,West Virginia,2017,2,,,82.8,3.2
,,,,WV,,West Virginia,2017,2,,,17.2,3.2
,,,,WV,,West Virginia,2017,3,,,32.6,8
,,,,WV,,West Virginia,2017,3,,,67.40000000000001,8
,,,,WV,,West Virginia,2017,4,,,45.5,15.9
,,,,WV,,West Virginia,2017,4,,,54.5,15.9
3,South,5,South Atlantic,WV,54,West Virginia,2017,5,261735,43.8,57.4,24.7
3,South,5,South Atlantic,WV,54,West Virginia,2017,5,261735,43.8,42.6,24.7
3,South,5,South Atlantic,WV,54,West Virginia,2017,6,352760,33.5,69.40000000000001,26.5
3,South,5,South Atlantic,WV,54,West Virginia,2017,6,352760,33.5,30.6,26.5
2,Midwest,3,East North Central,WI,55,Wisconsin,2017,1,555506,22.5,8.4,
2,Midwest,3,East North Central,WI,55,Wisconsin,2017,1,555506,22.5,91.59999999999999,
2,Midwest,3,East North Central,WI,55,Wisconsin,2017,2,732040,30.4,85.59999999999999,
2,Midwest,3,East North Central,WI,55,Wisconsin,2017,2,732040,30.4,14.4,
2,Midwest,3,East North Central,WI,55,Wisconsin,2017,3,693680,32.6,81.59999999999999,6.7
2,Midwest,3,East North Central,WI,55,Wisconsin,2017,3,693680,32.6,18.4,6.7
,,,,WI,,Wisconsin,2017,4,,,27.2,8.800000000000001
,,,,WI,,Wisconsin,2017,4,,,72.8,8.800000000000001
,,,,WI,,Wisconsin,2017,5,,,43.2,11.8
,,,,WI,,Wisconsin,2017,5,,,56.8,11.8
,,,,WI,,Wisconsin,2017,6,,,42.7,18.6
,,,,WI,,Wisconsin,2017,6,,,57.3,18.6
,,,,WY,,Wyoming,2017,1,,,93,
,,,,WY,,Wyoming,2017,1,,,7,
,,,,WY,,Wyoming,2017,2,,,11.9,
,,,,WY,,Wyoming,2017,2,,,88.09999999999999,
4,West,8,Mountain,WY,56,Wyoming,2017,3,71487,33.3,21,4.9
4,West,8,Mountain,WY,56,Wyoming,2017,3,71487,33.3,79,4.9
,,,,WY,,Wyoming,2017,4,,,69.2,11.8
,,,,WY,,Wyoming,2017,4,,,30.8,11.8
,,,,WY,,Wyoming,2017,5,,,43.2,13.7
,,,,WY,,Wyoming,2017,5,,,56.8,13.7
4,West,8,Mountain,WY,56,Wyoming,2017,6,91869,28.6,58.7,18.2
4,West,8,Mountain,WY,56,Wyoming,2017,6,91869,28.6,41.3,18.2
,,,,AL,,Alabama,2019,1,,,92.59999999999999,
,,,,AL,,Alabama,2019,1,,,7.4,
,,,,AL,,Alabama,2019,2,,,80.59999999999999,1.8
,,,,AL,,Alabama,2019,2,,,19.4,1.8
,,,,AL,,Alabama,2019,3,,,67.3,6.5
,,,,AL,,Alabama,2019,3,,,32.7,6.5
3,South,6,East South Central,AL,1,Alabama,2019,4,616616,41.5,46.9,14.6
3,South,6,East South Central,AL,1,Alabama,2019,4,616616,41.5,53.1,14.6
,,,,AL,,Alabama,2019,5,,,39.9,25.3
,,,,AL,,Alabama,2019,5,,,60.1,25.3
3,South,6,East South Central,AL,1,Alabama,2019,6,849837,31.3,31.2,25.9
3,South,6,East South Central,AL,1,Alabama,2019,6,849837,31.3,68.8,25.9
4,West,9,Pacific,AK,2,Alaska,2019,1,68152,15.4,91.3,
4,West,9,Pacific,AK,2,Alaska,2019,1,68152,15.4,,
,,,,AK,,Alaska,2019,2,,,81.2,
,,,,AK,,Alaska,2019,2,,,18.8,
4,West,9,Pacific,AK,2,Alaska,2019,3,95765,35.9,73.2,
4,West,9,Pacific,AK,2,Alaska,2019,3,95765,35.9,26.8,
4,West,9,Pacific,AK,2,Alaska,2019,4,85130,42.3,35.7,8.800000000000001
4,West,9,Pacific,AK,2,Alaska,2019,4,85130,42.3,64.3,8.800000000000001
4,West,9,Pacific,AK,2,Alaska,2019,5,93339,30.8,54.9,12.6
4,West,9,Pacific,AK,2,Alaska,2019,5,93339,30.8,45.1,12.6
4,West,9,Pacific,AK,2,Alaska,2019,6,91588,30.2,39.7,16.4
4,West,9,Pacific,AK,2,Alaska,2019,6,91588,30.2,60.3,16.4
4,West,8,Mountain,AZ,4,Arizona,2019,1,693844,20,94.40000000000001,
4,West,8,Mountain,AZ,4,Arizona,2019,1,693844,20,5.6,
4,West,8,Mountain,AZ,4,Arizona,2019,2,1007093,29.8,85.8,
4,West,8,Mountain,AZ,4,Arizona,2019,2,1007093,29.8,14.2,
4,West,8,Mountain,AZ,4,Arizona,2019,3,896027,35.7,79.40000000000001,5.5
4,West,8,Mountain,AZ,4,Arizona,2019,3,896027,35.7,20.6,5.5
,,,,AZ,,Arizona,2019,4,,,65.59999999999999,10.3
,,,,AZ,,Arizona,2019,4,,,34.4,10.3
4,West,8,Mountain,AZ,4,Arizona,2019,5,880794,38.5,47.9,20
4,West,8,Mountain,AZ,4,Arizona,2019,5,880794,38.5,52.1,20
4,West,8,Mountain,AZ,4,Arizona,2019,6,1308633,25.7,42.6,20.6
4,West,8,Mountain,AZ,4,Arizona,2019,6,1308633,25.7,57.4,20.6
,,,,AR,,Arkansas,2019,1,,,88.59999999999999,
,,,,AR,,Arkansas,2019,1,,,11.4,
3,South,7,West South Central,AR,5,Arkansas,2019,2,396868,36.3,18.7,
3,South,7,West South Central,AR,5,Arkansas,2019,2,396868,36.3,81.3,
3,South,7,West South Central,AR,5,Arkansas,2019,3,370263,45.1,71.2,7.4
3,South,7,West South Central,AR,5,Arkansas,2019,3,370263,45.1,28.8,7.4
,,,,AR,,Arkansas,2019,4,,,46.5,18.2
,,,,AR,,Arkansas,2019,4,,,53.5,18.2
,,,,AR,,Arkansas,2019,5,,,40.3,19.8
,,,,AR,,Arkansas,2019,5,,,59.7,19.8
,,,,AR,,Arkansas,2019,6,,,34.9,25.3
,,,,AR,,Arkansas,2019,6,,,65.09999999999999,25.3
,,,,CA,,California,2019,1,,,8.300000000000001,
,,,,CA,,California,2019,1,,,91.7,
4,West,9,Pacific,CA,6,California,2019,2,6052952,24,90.09999999999999,1.6
4,West,9,Pacific,CA,6,California,2019,2,6052952,24,9.9,1.6
4,West,9,Pacific,CA,6,California,2019,3,5282100,30.4,18.3,4.9
4,West,9,Pacific,CA,6,California,2019,3,5282100,30.4,81.7,4.9
,,,,CA,,California,2019,4,,,73.5,11.4
,,,,CA,,California,2019,4,,,26.5,11.4
,,,,CA,,California,2019,5,,,57.5,16.5
,,,,CA,,California,2019,5,,,42.5,16.5
4,West,9,Pacific,CA,6,California,2019,6,5838115,23.3,55.8,22.8
4,West,9,Pacific,CA,6,California,2019,6,5838115,23.3,44.2,22.8
,,,,CO,,Colorado,2019,1,,,92.2,
,,,,CO,,Colorado,2019,1,,,7.8,
,,,,CO,,Colorado,2019,2,,,88.59999999999999,
,,,,CO,,Colorado,2019,2,,,11.4,
,,,,CO,,Colorado,2019,3,,,14.5,3.8
,,,,CO,,Colorado,2019,3,,,85.5,3.8
4,West,8,Mountain,CO,8,Colorado,2019,4,706150,27.4,24.3,6.5
4,West,8,Mountain,CO,8,Colorado,2019,4,706150,27.4,75.7,6.5
,,,,CO,,Colorado,2019,5,,,61.4,12
,,,,CO,,Colorado,2019,5,,,38.6,12
4,West,8,Mountain,CO,8,Colorado,2019,6,842412,24.2,47.7,15.5
4,West,8,Mountain,CO,8,Colorado,2019,6,842412,24.2,52.3,15.5
,,,,CT,,Connecticut,2019,1,,,94.5,
,,,,CT,,Connecticut,2019,1,,,5.5,
1,Northeast,1,New England,CT,9,Connecticut,2019,2,448029,28.2,88.59999999999999,2.4
1,Northeast,1,New England,CT,9,Connecticut,2019,2,448029,28.2,11.4,2.4
,,,,CT,,Connecticut,2019,3,,,81.09999999999999,4.1
,,,,CT,,Connecticut,2019,3,,,18.9,4.1
1,Northeast,1,New England,CT,9,Connecticut,2019,4,476905,33.1,69.3,9.6
1,Northeast,1,New England,CT,9,Connecticut,2019,4,476905,33.1,30.7,9.6
1,Northeast,1,New England,CT,9,Connecticut,2019,5,513455,32.5,58.6,13.9
1,Northeast,1,New England,CT,9,Connecticut,2019,5,513455,32.5,41.4,13.9
1,Northeast,1,New England,CT,9,Connecticut,2019,6,630244,28.2,42.1,19
1,Northeast,1,New England,CT,9,Connecticut,2019,6,630244,28.2,57.9,19
,,,,DE,,Delaware,2019,1,,,10.2,
,,,,DE,,Delaware,2019,1,,,89.8,
,,,,DE,,Delaware,2019,2,,,16.6,
,,,,DE,,Delaware,2019,2,,,83.40000000000001,
3,South,5,South Atlantic,DE,10,Delaware,2019,3,113101,35.8,80.40000000000001,7.2
3,South,5,South Atlantic,DE,10,Delaware,2019,3,113101,35.8,19.6,7.2
3,South,5,South Atlantic,DE,10,Delaware,2019,4,118881,40.5,38.7,12.6
3,South,5,South Atlantic,DE,10,Delaware,2019,4,118881,40.5,61.3,12.6
,,,,DE,,Delaware,2019,5,,,49.8,18.1
,,,,DE,,Delaware,2019,5,,,50.2,18.1
3,South,5,South Atlantic,DE,10,Delaware,2019,6,188906,32.6,38.8,24.8
3,South,5,South Atlantic,DE,10,Delaware,2019,6,188906,32.6,61.2,24.8
3,South,5,South Atlantic,DC,11,District of Columbia,2019,1,72566,12.9,,
3,South,5,South Atlantic,DC,11,District of Columbia,2019,1,72566,12.9,93.3,
,,,,DC,,District of Columbia,2019,2,,,10.6,
,,,,DC,,District of Columbia,2019,2,,,89.40000000000001,
3,South,5,South Atlantic,DC,11,District of Columbia,2019,3,108969,21.1,16.3,3.5
3,South,5,South Atlantic,DC,11,District of Columbia,2019,3,108969,21.1,83.7,3.5
3,South,5,South Atlantic,DC,11,District of Columbia,2019,4,74286,28.8,69.09999999999999,8.800000000000001
3,South,5,South Atlantic,DC,11,District of Columbia,2019,4,74286,28.8,30.9,8.800000000000001
,,,,DC,,District of Columbia,2019,5,,,51.7,22
,,,,DC,,District of Columbia,2019,5,,,48.3,22
3,South,5,South Atlantic,DC,11,District of Columbia,2019,6,87343,25.8,38,22.8
3,South,5,South Atlantic,DC,11,District of Columbia,2019,6,87343,25.8,62,22.8
,,,,FL,,Florida,2019,1,,,8.800000000000001,
,,,,FL,,Florida,2019,1,,,91.2,
,,,,FL,,Florida,2019,2,,,88.5,1.7
,,,,FL,,Florida,2019,2,,,11.5,1.7
,,,,FL,,Florida,2019,3,,,82.7,4.1
,,,,FL,,Florida,2019,3,,,17.3,4.1
,,,,FL,,Florida,2019,4,,,67.09999999999999,9.300000000000001
,,,,FL,,Florida,2019,4,,,32.9,9.300000000000001
,,,,FL,,Florida,2019,5,,,54.4,18.5
,,,,FL,,Florida,2019,5,,,45.6,18.5
,,,,FL,,Florida,2019,6,,,41.7,23.5
,,,,FL,,Florida,2019,6,,,58.3,23.5
3,South,5,South Atlantic,GA,13,Georgia,2019,1,1015188,15.9,8.699999999999999,
3,South,5,South Atlantic,GA,13,Georgia,2019,1,1015188,15.9,91.3,
,,,,GA,,Georgia,2019,2,,,15,3
,,,,GA,,Georgia,2019,2,,,85,3
3,South,5,South Atlantic,GA,13,Georgia,2019,3,1380954,40.1,79.59999999999999,6.8
3,South,5,South Atlantic,GA,13,Georgia,2019,3,1380954,40.1,20.4,6.8
,,,,GA,,Georgia,2019,4,,,41.6,12.8
,,,,GA,,Georgia,2019,4,,,58.4,12.8
3,South,5,South Atlantic,GA,13,Georgia,2019,5,1307533,41,49.9,19.9
3,South,5,South Atlantic,GA,13,Georgia,2019,5,1307533,41,50.1,19.9
3,South,5,South Atlantic,GA,13,Georgia,2019,6,1516954,29.6,35.4,24.5
3,South,5,South Atlantic,GA,13,Georgia,2019,6,1516954,29.6,64.59999999999999,24.5
,,,,GU,,Guam,2019,1,,,,
,,,,GU,,Guam,2019,1,,,88.59999999999999,
,,,,GU,,Guam,2019,2,,38.4,86.59999999999999,
,,,,GU,,Guam,2019,2,,38.4,13.4,
,,,,GU,,Guam,2019,3,,39.3,22.4,8.5
,,,,GU,,Guam,2019,3,,39.3,77.59999999999999,8.5
,,,,GU,,Guam,2019,4,,,40.3,16.8
,,,,GU,,Guam,2019,4,,,59.7,16.8
,,,,GU,,Guam,2019,5,,,47.5,23
,,,,GU,,Guam,2019,5,,,52.5,23
,,,,GU,,Guam,2019,6,,,64,31.1
,,,,GU,,Guam,2019,6,,,36,31.1
4,West,9,Pacific,HI,15,Hawaii,2019,1,118874,18.9,7,
4,West,9,Pacific,HI,15,Hawaii,2019,1,118874,18.9,93,
,,,,HI,,Hawaii,2019,2,,,13.4,2.9
,,,,HI,,Hawaii,2019,2,,,86.59999999999999,2.9
,,,,HI,,Hawaii,2019,3,,,17.6,5.4
,,,,HI,,Hawaii,2019,3,,,82.40000000000001,5.4
,,,,HI,,Hawaii,2019,4,,,31.8,11.7
,,,,HI,,Hawaii,2019,4,,,68.2,11.7
,,,,HI,,Hawaii,2019,5,,,57.6,16
,,,,HI,,Hawaii,2019,5,,,42.4,16
4,West,9,Pacific,HI,15,Hawaii,2019,6,268448,18.8,54.9,19.5
4,West,9,Pacific,HI,15,Hawaii,2019,6,268448,18.8,45.1,19.5
,,,,ID,,Idaho,2019,1,,,91,
,,,,ID,,Idaho,2019,1,,,9,
4,West,8,Mountain,ID,16,Idaho,2019,2,236490,29.1,12.4,
4,West,8,Mountain,ID,16,Idaho,2019,2,236490,29.1,87.59999999999999,
4,West,8,Mountain,ID,16,Idaho,2019,3,227172,30.2,78.90000000000001,6
4,West,8,Mountain,ID,16,Idaho,2019,3,227172,30.2,21.1,6
,,,,ID,,Idaho,2019,4,,,66.90000000000001,11.7
,,,,ID,,Idaho,2019,4,,,33.1,11.7
4,West,8,Mountain,ID,16,Idaho,2019,5,218360,33.3,40,13.2
4,West,8,Mountain,ID,16,Idaho,2019,5,218360,33.3,60,13.2
,,,,ID,,Idaho,2019,6,,,43.4,22.4
,,,,ID,,Idaho,2019,6,,,56.6,22.4
2,Midwest,3,East North Central,IL,17,Illinois,2019,1,1157411,15.4,6,
2,Midwest,3,East North Central,IL,17,Illinois,2019,1,1157411,15.4,94,
2,Midwest,3,East North Central,IL,17,Illinois,2019,2,1758096,29.8,87.5,
2,Midwest,3,East North Central,IL,17,Illinois,2019,2,1758096,29.8,12.5,
2,Midwest,3,East North Central,IL,17,Illinois,2019,3,1637135,34.9,18.2,4.6
2,Midwest,3,East North Central,IL,17,Illinois,2019,3,1637135,34.9,81.8,4.6
,,,,IL,,Illinois,2019,4,,,68.2,11.7
,,,,IL,,Illinois,2019,4,,,31.8,11.7
2,Midwest,3,East North Central,IL,17,Illinois,2019,5,1658283,37.5,47.4,19
2,Midwest,3,East North Central,IL,17,Illinois,2019,5,1658283,37.5,52.6,19
,,,,IL,,Illinois,2019,6,,,36.9,24.4
,,,,IL,,Illinois,2019,6,,,63.1,24.4
,,,,IN,,Indiana,2019,1,,,9,
,,,,IN,,Indiana,2019,1,,,91,
,,,,IN,,Indiana,2019,2,,,86.3,3
,,,,IN,,Indiana,2019,2,,,13.7,3
,,,,IN,,Indiana,2019,3,,,23.3,7.1
,,,,IN,,Indiana,2019,3,,,76.7,7.1
2,Midwest,3,East North Central,IN,18,Indiana,2019,4,824029,39.4,64.40000000000001,12.1
2,Midwest,3,East North Central,IN,18,Indiana,2019,4,824029,39.4,35.6,12.1
2,Midwest,3,East North Central,IN,18,Indiana,2019,5,875082,39.7,49.5,19.2
2,Midwest,3,East North Central,IN,18,Indiana,2019,5,875082,39.7,50.5,19.2
,,,,IN,,Indiana,2019,6,,,37.1,25.8
,,,,IN,,Indiana,2019,6,,,62.9,25.8
,,,,IA,,Iowa,2019,1,,,8.4,
,,,,IA,,Iowa,2019,1,,,91.59999999999999,
,,,,IA,,Iowa,2019,2,,,88.40000000000001,2.7
,,,,IA,,Iowa,2019,2,,,11.6,2.7
2,Midwest,4,West North Central,IA,19,Iowa,2019,3,385215,38.9,79.3,4.3
2,Midwest,4,West North Central,IA,19,Iowa,2019,3,385215,38.9,20.7,4.3
2,Midwest,4,West North Central,IA,19,Iowa,2019,4,362509,41.4,69.8,10.2
2,Midwest,4,West North Central,IA,19,Iowa,2019,4,362509,41.4,30.2,10.2
2,Midwest,4,West North Central,IA,19,Iowa,2019,5,415696,39.1,54.1,16.4
2,Midwest,4,West North Central,IA,19,Iowa,2019,5,415696,39.1,45.9,16.4
,,,,IA,,Iowa,2019,6,,,58,20.4
,,,,IA,,Iowa,2019,6,,,42,20.4
,,,,KS,,Kansas,2019,1,,,94.3,
,,,,KS,,Kansas,2019,1,,,5.7,
,,,,KS,,Kansas,2019,2,,,83.8,1.9
,,,,KS,,Kansas,2019,2,,,16.2,1.9
2,Midwest,4,West North Central,KS,20,Kansas,2019,3,361029,39.8,24.1,5.7
2,Midwest,4,West North Central,KS,20,Kansas,2019,3,361029,39.8,75.90000000000001,5.7
,,,,KS,,Kansas,2019,4,,,34.5,10.4
,,,,KS,,Kansas,2019,4,,,65.5,10.4
2,Midwest,4,West North Central,KS,20,Kansas,2019,5,371505,40.1,51.8,17.5
2,Midwest,4,West North Central,KS,20,Kansas,2019,5,371505,40.1,48.2,17.5
2,Midwest,4,West North Central,KS,20,Kansas,2019,6,475487,32.9,39.9,22.7
2,Midwest,4,West North Central,KS,20,Kansas,2019,6,475487,32.9,60.1,22.7
3,South,6,East South Central,KY,21,Kentucky,2019,1,413954,24.5,88.40000000000001,
3,South,6,East South Central,KY,21,Kentucky,2019,1,413954,24.5,11.6,
3,South,6,East South Central,KY,21,Kentucky,2019,2,587380,37.8,80,3
3,South,6,East South Central,KY,21,Kentucky,2019,2,587380,37.8,20,3
3,South,6,East South Central,KY,21,Kentucky,2019,3,550953,37,29.4,4.4
3,South,6,East South Central,KY,21,Kentucky,2019,3,550953,37,70.59999999999999,4.4
3,South,6,East South Central,KY,21,Kentucky,2019,4,563662,44,43,16.4
3,South,6,East South Central,KY,21,Kentucky,2019,4,563662,44,57,16.4
3,South,6,East South Central,KY,21,Kentucky,2019,5,598289,40.8,43.7,20.9
3,South,6,East South Central,KY,21,Kentucky,2019,5,598289,40.8,56.3,20.9
,,,,KY,,Kentucky,2019,6,,,67.7,25.8
,,,,KY,,Kentucky,2019,6,,,32.3,25.8
3,South,7,West South Central,LA,22,Louisiana,2019,1,419043,23.1,7.2,
3,South,7,West South Central,LA,22,Louisiana,2019,1,419043,23.1,92.8,
3,South,7,West South Central,LA,22,Louisiana,2019,2,658227,34.9,83.7,
3,South,7,West South Central,LA,22,Louisiana,2019,2,658227,34.9,16.3,
,,,,LA,,Louisiana,2019,3,,,30.5,5.2
,,,,LA,,Louisiana,2019,3,,,69.5,5.2
3,South,7,West South Central,LA,22,Louisiana,2019,4,548348,43.7,54.2,13.9
3,South,7,West South Central,LA,22,Louisiana,2019,4,548348,43.7,45.8,13.9
,,,,LA,,Louisiana,2019,5,,,58.2,20.9
,,,,LA,,Louisiana,2019,5,,,41.8,20.9
3,South,7,West South Central,LA,22,Louisiana,2019,6,741022,30.2,32.5,27.2
3,South,7,West South Central,LA,22,Louisiana,2019,6,741022,30.2,67.5,27.2
1,Northeast,1,New England,ME,23,Maine,2019,1,106932,18.2,9.4,
1,Northeast,1,New England,ME,23,Maine,2019,1,106932,18.2,90.59999999999999,
,,,,ME,,Maine,2019,2,,,85.5,2.9
,,,,ME,,Maine,2019,2,,,14.5,2.9
1,Northeast,1,New England,ME,23,Maine,2019,3,154075,34.2,75.2,5.5
1,Northeast,1,New England,ME,23,Maine,2019,3,154075,34.2,24.8,5.5
,,,,ME,,Maine,2019,4,,,35.6,10.6
,,,,ME,,Maine,2019,4,,,64.40000000000001,10.6
1,Northeast,1,New England,ME,23,Maine,2019,5,211560,36.3,44.9,13.7
1,Northeast,1,New England,ME,23,Maine,2019,5,211560,36.3,55.1,13.7
1,Northeast,1,New England,ME,23,Maine,2019,6,285265,28.6,58.8,19
1,Northeast,1,New England,ME,23,Maine,2019,6,285265,28.6,41.2,19
3,South,5,South Atlantic,MD,24,Maryland,2019,1,526149,20.8,8.1,
3,South,5,South Atlantic,MD,24,Maryland,2019,1,526149,20.8,91.90000000000001,
,,,,MD,,Maryland,2019,2,,,86.3,2.2
,,,,MD,,Maryland,2019,2,,,13.7,2.2
3,South,5,South Atlantic,MD,24,Maryland,2019,3,782213,34.1,77.09999999999999,5.1
3,South,5,South Atlantic,MD,24,Maryland,2019,3,782213,34.1,22.9,5.1
,,,,MD,,Maryland,2019,4,,,64.40000000000001,12
,,,,MD,,Maryland,2019,4,,,35.6,12
3,South,5,South Atlantic,MD,24,Maryland,2019,5,818519,36.5,46,17.3
3,South,5,South Atlantic,MD,24,Maryland,2019,5,818519,36.5,54,17.3
3,South,5,South Atlantic,MD,24,Maryland,2019,6,959396,30.4,35.8,22.8
3,South,5,South Atlantic,MD,24,Maryland,2019,6,959396,30.4,64.2,22.8
1,Northeast,1,New England,MA,25,Massachusetts,2019,1,690721,15.2,94,
1,Northeast,1,New England,MA,25,Massachusetts,2019,1,690721,15.2,6,
,,,,MA,,Massachusetts,2019,2,,,90.3,1.3
,,,,MA,,Massachusetts,2019,2,,,9.699999999999999,1.3
,,,,MA,,Massachusetts,2019,3,,,17.7,3.6
,,,,MA,,Massachusetts,2019,3,,,82.3,3.6
1,Northeast,1,New England,MA,25,Massachusetts,2019,4,893633,26.1,24.8,7.2
1,Northeast,1,New England,MA,25,Massachusetts,2019,4,893633,26.1,75.2,7.2
,,,,MA,,Massachusetts,2019,5,,,39.5,13.1
,,,,MA,,Massachusetts,2019,5,,,60.5,13.1
1,Northeast,1,New England,MA,25,Massachusetts,2019,6,1169332,26.7,56.1,18.5
1,Northeast,1,New England,MA,25,Massachusetts,2019,6,1169332,26.7,43.9,18.5
2,Midwest,3,East North Central,MI,26,Michigan,2019,1,945523,20,94,
2,Midwest,3,East North Central,MI,26,Michigan,2019,1,945523,20,6,
2,Midwest,3,East North Central,MI,26,Michigan,2019,2,1311614,33.9,84.59999999999999,1.6
2,Midwest,3,East North Central,MI,26,Michigan,2019,2,1311614,33.9,15.4,1.6
2,Midwest,3,East North Central,MI,26,Michigan,2019,3,1166172,37.3,22.1,5.3
2,Midwest,3,East North Central,MI,26,Michigan,2019,3,1166172,37.3,77.90000000000001,5.3
,,,,MI,,Michigan,2019,4,,,61.1,11.6
,,,,MI,,Michigan,2019,4,,,38.9,11.6
,,,,MI,,Michigan,2019,5,,,49.7,15.8
,,,,MI,,Michigan,2019,5,,,50.3,15.8
2,Midwest,3,East North Central,MI,26,Michigan,2019,6,1765401,34.4,40.4,23.1
2,Midwest,3,East North Central,MI,26,Michigan,2019,6,1765401,34.4,59.6,23.1
,,,,MN,,Minnesota,2019,1,,,94.40000000000001,
,,,,MN,,Minnesota,2019,1,,,5.6,
2,Midwest,4,West North Central,MN,27,Minnesota,2019,2,762616,26.8,89.09999999999999,2.1
2,Midwest,4,West North Central,MN,27,Minnesota,2019,2,762616,26.8,10.9,2.1
,,,,MN,,Minnesota,2019,3,,,16.7,4.5
,,,,MN,,Minnesota,2019,3,,,83.3,4.5
,,,,MN,,Minnesota,2019,4,,,29.8,8.199999999999999
,,,,MN,,Minnesota,2019,4,,,70.2,8.199999999999999
,,,,MN,,Minnesota,2019,5,,,38.9,12.3
,,,,MN,,Minnesota,2019,5,,,61.1,12.3
2,Midwest,4,West North Central,MN,27,Minnesota,2019,6,920382,29.7,56,19.7
2,Midwest,4,West North Central,MN,27,Minnesota,2019,6,920382,29.7,44,19.7
3,South,6,East South Central,MS,28,Mississippi,2019,1,283421,27.8,87,
3,South,6,East South Central,MS,28,Mississippi,2019,1,283421,27.8,13,
3,South,6,East South Central,MS,28,Mississippi,2019,2,393747,37.2,79.40000000000001,
3,South,6,East South Central,MS,28,Mississippi,2019,2,393747,37.2,20.6,
,,,,MS,,Mississippi,2019,3,,,67.5,7.7
,,,,MS,,Mississippi,2019,3,,,32.5,7.7
3,South,6,East South Central,MS,28,Mississippi,2019,4,362040,50.1,51,15.5
3,South,6,East South Central,MS,28,Mississippi,2019,4,362040,50.1,49,15.5
3,South,6,East South Central,MS,28,Mississippi,2019,5,385911,45.9,60.4,25.2
3,South,6,East South Central,MS,28,Mississippi,2019,5,385911,45.9,39.6,25.2
,,,,MS,,Mississippi,2019,6,,,71.8,30.1
,,,,MS,,Mississippi,2019,6,,,28.2,30.1
,,,,MO,,Missouri,2019,1,,,90.90000000000001,
,,,,MO,,Missouri,2019,1,,,9.1,
2,Midwest,4,West North Central,MO,29,Missouri,2019,2,825887,33.9,13,1.3
2,Midwest,4,West North Central,MO,29,Missouri,2019,2,825887,33.9,87,1.3
,,,,MO,,Missouri,2019,3,,,83.59999999999999,5
,,,,MO,,Missouri,2019,3,,,16.4,5
2,Midwest,4,West North Central,MO,29,Missouri,2019,4,732944,46.6,64.7,10
2,Midwest,4,West North Central,MO,29,Missouri,2019,4,732944,46.6,35.3,10
,,,,MO,,Missouri,2019,5,,,60.3,15.9
,,,,MO,,Missouri,2019,5,,,39.7,15.9
2,Midwest,4,West North Central,MO,29,Missouri,2019,6,1062037,31.9,56.7,21.7
2,Midwest,4,West North Central,MO,29,Missouri,2019,6,1062037,31.9,43.3,21.7
4,West,8,Mountain,MT,30,Montana,2019,1,97764,17.3,91.59999999999999,
4,West,8,Mountain,MT,30,Montana,2019,1,97764,17.3,8.4,
4,West,8,Mountain,MT,30,Montana,2019,2,138386,23.9,89,
4,West,8,Mountain,MT,30,Montana,2019,2,138386,23.9,11,
4,West,8,Mountain,MT,30,Montana,2019,3,129795,29.4,16.8,2.8
4,West,8,Mountain,MT,30,Montana,2019,3,129795,29.4,83.2,2.8
,,,,MT,,Montana,2019,4,,,28.6,8.6
,,,,MT,,Montana,2019,4,,,71.40000000000001,8.6
4,West,8,Mountain,MT,30,Montana,2019,5,150008,33.2,62.6,11.8
4,West,8,Mountain,MT,30,Montana,2019,5,150008,33.2,37.4,11.8
4,West,8,Mountain,MT,30,Montana,2019,6,206437,29.5,54.4,14.9
4,West,8,Mountain,MT,30,Montana,2019,6,206437,29.5,45.6,14.9
2,Midwest,4,West North Central,NE,31,Nebraska,2019,1,189298,19.6,8.199999999999999,
2,Midwest,4,West North Central,NE,31,Nebraska,2019,1,189298,19.6,91.8,
2,Midwest,4,West North Central,NE,31,Nebraska,2019,2,255338,30.6,10.8,1.6
2,Midwest,4,West North Central,NE,31,Nebraska,2019,2,255338,30.6,89.2,1.6
,,,,NE,,Nebraska,2019,3,,,19.5,4.7
,,,,NE,,Nebraska,2019,3,,,80.5,4.7
,,,,NE,,Nebraska,2019,4,,,68.8,11.1
,,,,NE,,Nebraska,2019,4,,,31.2,11.1
,,,,NE,,Nebraska,2019,5,,,45.4,16.3
,,,,NE,,Nebraska,2019,5,,,54.6,16.3
2,Midwest,4,West North Central,NE,31,Nebraska,2019,6,312458,34,58.8,21.3
2,Midwest,4,West North Central,NE,31,Nebraska,2019,6,312458,34,41.2,21.3
4,West,8,Mountain,NV,32,Nevada,2019,1,250220,17.7,87.7,
4,West,8,Mountain,NV,32,Nevada,2019,1,250220,17.7,12.3,
4,West,8,Mountain,NV,32,Nevada,2019,2,453116,29.8,87.40000000000001,
4,West,8,Mountain,NV,32,Nevada,2019,2,453116,29.8,12.6,
,,,,NV,,Nevada,2019,3,,,21.2,8.300000000000001
,,,,NV,,Nevada,2019,3,,,78.8,8.300000000000001
4,West,8,Mountain,NV,32,Nevada,2019,4,394228,35.5,63.9,9.4
4,West,8,Mountain,NV,32,Nevada,2019,4,394228,35.5,36.1,9.4
,,,,NV,,Nevada,2019,5,,,44.9,18.2
,,,,NV,,Nevada,2019,5,,,55.1,18.2
,,,,NV,,Nevada,2019,6,,,41.8,21.6
,,,,NV,,Nevada,2019,6,,,58.2,21.6
1,Northeast,1,New England,NH,33,New Hampshire,2019,1,123691,23.5,8.6,
1,Northeast,1,New England,NH,33,New Hampshire,2019,1,123691,23.5,91.40000000000001,
1,Northeast,1,New England,NH,33,New Hampshire,2019,2,172816,32.3,11.3,
1,Northeast,1,New England,NH,33,New Hampshire,2019,2,172816,32.3,88.7,
,,,,NH,,New Hampshire,2019,3,,,77,6.8
,,,,NH,,New Hampshire,2019,3,,,23,6.8
1,Northeast,1,New England,NH,33,New Hampshire,2019,4,183273,34.6,24.5,8.5
1,Northeast,1,New England,NH,33,New Hampshire,2019,4,183273,34.6,75.5,8.5
1,Northeast,1,New England,NH,33,New Hampshire,2019,5,214314,33.5,57.8,11.6
1,Northeast,1,New England,NH,33,New Hampshire,2019,5,214314,33.5,42.2,11.6
1,Northeast,1,New England,NH,33,New Hampshire,2019,6,253864,28,56.8,17.4
1,Northeast,1,New England,NH,33,New Hampshire,2019,6,253864,28,43.2,17.4
,,,,NM,,New Mexico,2019,1,,,95,
,,,,NM,,New Mexico,2019,1,,,5,
4,West,8,Mountain,NM,35,New Mexico,2019,2,284087,38.1,84.40000000000001,2.9
4,West,8,Mountain,NM,35,New Mexico,2019,2,284087,38.1,15.6,2.9
4,West,8,Mountain,NM,35,New Mexico,2019,3,254846,32.9,80.40000000000001,7.8
4,West,8,Mountain,NM,35,New Mexico,2019,3,254846,32.9,19.6,7.8
,,,,NM,,New Mexico,2019,4,,,32.8,12.5
,,,,NM,,New Mexico,2019,4,,,67.2,12.5
4,West,8,Mountain,NM,35,New Mexico,2019,5,272921,33.5,41.9,19
4,West,8,Mountain,NM,35,New Mexico,2019,5,272921,33.5,58.1,19
4,West,8,Mountain,NM,35,New Mexico,2019,6,377606,24.9,42.1,22.9
4,West,8,Mountain,NM,35,New Mexico,2019,6,377606,24.9,57.9,22.9
1,Northeast,2,Middle Atlantic,NY,36,New York,2019,1,1762544,16.6,6.4,
1,Northeast,2,Middle Atlantic,NY,36,New York,2019,1,1762544,16.6,93.59999999999999,
,,,,NY,,New York,2019,2,,,11.5,1.2
,,,,NY,,New York,2019,2,,,88.5,1.2
,,,,NY,,New York,2019,3,,,84.09999999999999,5
,,,,NY,,New York,2019,3,,,15.9,5
1,Northeast,2,Middle Atlantic,NY,36,New York,2019,4,2471804,32.9,29.1,11.4
1,Northeast,2,Middle Atlantic,NY,36,New York,2019,4,2471804,32.9,70.90000000000001,11.4
,,,,NY,,New York,2019,5,,,56.7,16.1
,,,,NY,,New York,2019,5,,,43.3,16.1
1,Northeast,2,Middle Atlantic,NY,36,New York,2019,6,3296146,24.5,57.5,22.3
1,Northeast,2,Middle Atlantic,NY,36,New York,2019,6,3296146,24.5,42.5,22.3
3,South,5,South Atlantic,NC,37,North Carolina,2019,1,990587,22.9,8.699999999999999,
3,South,5,South Atlantic,NC,37,North Carolina,2019,1,990587,22.9,91.3,
,,,,NC,,North Carolina,2019,2,,,87.8,2.8
,,,,NC,,North Carolina,2019,2,,,12.2,2.8
,,,,NC,,North Carolina,2019,3,,,24.4,6.8
,,,,NC,,North Carolina,2019,3,,,75.59999999999999,6.8
,,,,NC,,North Carolina,2019,4,,,36.5,12.4
,,,,NC,,North Carolina,2019,4,,,63.5,12.4
,,,,NC,,North Carolina,2019,5,,,50.4,18
,,,,NC,,North Carolina,2019,5,,,49.6,18
,,,,NC,,North Carolina,2019,6,,,63.1,23.9
,,,,NC,,North Carolina,2019,6,,,36.9,23.9
,,,,ND,,North Dakota,2019,1,,,93.5,
,,,,ND,,North Dakota,2019,1,,,6.5,
,,,,ND,,North Dakota,2019,2,,,85.2,
,,,,ND,,North Dakota,2019,2,,,14.8,
2,Midwest,4,West North Central,ND,38,North Dakota,2019,3,92576,46.5,82.59999999999999,2.4
2,Midwest,4,West North Central,ND,38,North Dakota,2019,3,92576,46.5,17.4,2.4
2,Midwest,4,West North Central,ND,38,North Dakota,2019,4,78199,42.1,69.40000000000001,9.9
2,Midwest,4,West North Central,ND,38,North Dakota,2019,4,78199,42.1,30.6,9.9
2,Midwest,4,West North Central,ND,38,North Dakota,2019,5,93878,37.4,60.3,15.3
2,Midwest,4,West North Central,ND,38,North Dakota,2019,5,93878,37.4,39.7,15.3
,,,,ND,,North Dakota,2019,6,,,61.4,20.3
,,,,ND,,North Dakota,2019,6,,,38.6,20.3
2,Midwest,3,East North Central,OH,39,Ohio,2019,1,1060311,20.8,10.6,
2,Midwest,3,East North Central,OH,39,Ohio,2019,1,1060311,20.8,89.40000000000001,
2,Midwest,3,East North Central,OH,39,Ohio,2019,2,1554378,34.4,87.09999999999999,2
2,Midwest,3,East North Central,OH,39,Ohio,2019,2,1554378,34.4,12.9,2
,,,,OH,,Ohio,2019,3,,,77.40000000000001,4.6
,,,,OH,,Ohio,2019,3,,,22.6,4.6
,,,,OH,,Ohio,2019,4,,,64.90000000000001,12.1
,,,,OH,,Ohio,2019,4,,,35.1,12.1
2,Midwest,3,East North Central,OH,39,Ohio,2019,5,1604683,42.2,49.3,18.4
2,Midwest,3,East North Central,OH,39,Ohio,2019,5,1604683,42.2,50.7,18.4
,,,,OH,,Ohio,2019,6,,,58.1,24.3
,,,,OH,,Ohio,2019,6,,,41.9,24.3
,,,,OK,,Oklahoma,2019,1,,,8.800000000000001,
,,,,OK,,Oklahoma,2019,1,,,91.2,
,,,,OK,,Oklahoma,2019,2,,,14.8,
,,,,OK,,Oklahoma,2019,2,,,85.2,
,,,,OK,,Oklahoma,2019,3,,,24.2,5.8
,,,,OK,,Oklahoma,2019,3,,,75.8,5.8
3,South,7,West South Central,OK,40,Oklahoma,2019,4,453536,45.3,56.4,14
3,South,7,West South Central,OK,40,Oklahoma,2019,4,453536,45.3,43.6,14
3,South,7,West South Central,OK,40,Oklahoma,2019,5,493694,43.1,45.2,22
3,South,7,West South Central,OK,40,Oklahoma,2019,5,493694,43.1,54.8,22
,,,,OK,,Oklahoma,2019,6,,,67.8,24.6
,,,,OK,,Oklahoma,2019,6,,,32.2,24.6
,,,,OR,,Oregon,2019,1,,,7.5,
,,,,OR,,Oregon,2019,1,,,92.5,
4,West,9,Pacific,OR,41,Oregon,2019,2,604284,26.2,86,2.4
4,West,9,Pacific,OR,41,Oregon,2019,2,604284,26.2,14,2.4
4,West,9,Pacific,OR,41,Oregon,2019,3,568712,30.9,82.5,3.2
4,West,9,Pacific,OR,41,Oregon,2019,3,568712,30.9,17.5,3.2
,,,,OR,,Oregon,2019,4,,,69.2,8.6
,,,,OR,,Oregon,2019,4,,,30.8,8.6
,,,,OR,,Oregon,2019,5,,,59.6,13.6
,,,,OR,,Oregon,2019,5,,,40.4,13.6
,,,,OR,,Oregon,2019,6,,,56.3,17.3
,,,,OR,,Oregon,2019,6,,,43.7,17.3
,,,,PA,,Pennsylvania,2019,1,,,93.40000000000001,
,,,,PA,,Pennsylvania,2019,1,,,6.6,
1,Northeast,2,Middle Atlantic,PA,42,Pennsylvania,2019,2,1709136,27.7,12.7,
1,Northeast,2,Middle Atlantic,PA,42,Pennsylvania,2019,2,1709136,27.7,87.3,
,,,,PA,,Pennsylvania,2019,3,,,80.40000000000001,5.2
,,,,PA,,Pennsylvania,2019,3,,,19.6,5.2
1,Northeast,2,Middle Atlantic,PA,42,Pennsylvania,2019,4,1604097,38.7,32.6,10.3
1,Northeast,2,Middle Atlantic,PA,42,Pennsylvania,2019,4,1604097,38.7,67.40000000000001,10.3
1,Northeast,2,Middle Atlantic,PA,42,Pennsylvania,2019,5,1804883,37.8,55.2,15.6
1,Northeast,2,Middle Atlantic,PA,42,Pennsylvania,2019,5,1804883,37.8,44.8,15.6
,,,,PA,,Pennsylvania,2019,6,,,60.8,21.7
,,,,PA,,Pennsylvania,2019,6,,,39.2,21.7
,,,,PR,,Puerto Rico,2019,1,,,93.7,
,,,,PR,,Puerto Rico,2019,1,,,6.3,
,,,,PR,,Puerto Rico,2019,2,,33.7,15.2,
,,,,PR,,Puerto Rico,2019,2,,33.7,84.8,
,,,,PR,,Puerto Rico,2019,3,,35.5,27.7,7.1
,,,,PR,,Puerto Rico,2019,3,,35.5,72.3,7.1
,,,,PR,,Puerto Rico,2019,4,,38.8,57.5,15.8
,,,,PR,,Puerto Rico,2019,4,,38.8,42.5,15.8
,,,,PR,,Puerto Rico,2019,5,,,37.1,26.4
,,,,PR,,Puerto Rico,2019,5,,,62.9,26.4
,,,,PR,,Puerto Rico,2019,6,,26.3,66.40000000000001,35.2
,,,,PR,,Puerto Rico,2019,6,,26.3,33.6,35.2
1,Northeast,1,New England,RI,44,Rhode Island,2019,1,109551,20.7,8.5,
1,Northeast,1,New England,RI,44,Rhode Island,2019,1,109551,20.7,91.5,
1,Northeast,1,New England,RI,44,Rhode Island,2019,2,148213,32.2,84,
1,Northeast,1,New England,RI,44,Rhode Island,2019,2,148213,32.2,16,
,,,,RI,,Rhode Island,2019,3,,,20.1,3.5
,,,,RI,,Rhode Island,2019,3,,,79.90000000000001,3.5
1,Northeast,1,New England,RI,44,Rhode Island,2019,4,135112,31.8,30.2,10.4
1,Northeast,1,New England,RI,44,Rhode Island,2019,4,135112,31.8,69.8,10.4
1,Northeast,1,New England,RI,44,Rhode Island,2019,5,149609,33.4,46.4,17
1,Northeast,1,New England,RI,44,Rhode Island,2019,5,149609,33.4,53.6,17
,,,,RI,,Rhode Island,2019,6,,,39.8,21.4
,,,,RI,,Rhode Island,2019,6,,,60.2,21.4
3,South,5,South Atlantic,SC,45,South Carolina,2019,1,467399,27,89.8,
3,South,5,South Atlantic,SC,45,South Carolina,2019,1,467399,27,10.2,
,,,,SC,,South Carolina,2019,2,,,85.40000000000001,1.8
,,,,SC,,South Carolina,2019,2,,,14.6,1.8
3,South,5,South Atlantic,SC,45,South Carolina,2019,3,620504,38.3,75.90000000000001,6.1
3,South,5,South Atlantic,SC,45,South Carolina,2019,3,620504,38.3,24.1,6.1
,,,,SC,,South Carolina,2019,4,,,60,14.2
,,,,SC,,South Carolina,2019,4,,,40,14.2
3,South,5,South Atlantic,SC,45,South Carolina,2019,5,689144,38.6,45.9,20.6
3,South,5,South Atlantic,SC,45,South Carolina,2019,5,689144,38.6,54.1,20.6
,,,,SC,,South Carolina,2019,6,,,34,26.1
,,,,SC,,South Carolina,2019,6,,,66,26.1
,,,,SD,,South Dakota,2019,1,,,95.40000000000001,
,,,,SD,,South Dakota,2019,1,,,,
,,,,SD,,South Dakota,2019,2,,,87.09999999999999,
,,,,SD,,South Dakota,2019,2,,,12.9,
,,,,SD,,South Dakota,2019,3,,,18.5,
,,,,SD,,South Dakota,2019,3,,,81.5,
,,,,SD,,South Dakota,2019,4,,,72.09999999999999,11.6
,,,,SD,,South Dakota,2019,4,,,27.9,11.6
,,,,SD,,South Dakota,2019,5,,,53.5,14.3
,,,,SD,,South Dakota,2019,5,,,46.5,14.3
,,,,SD,,South Dakota,2019,6,,,57.7,22.6
,,,,SD,,South Dakota,2019,6,,,42.3,22.6
,,,,TN,,Tennessee,2019,1,,,91,
,,,,TN,,Tennessee,2019,1,,,9,
3,South,6,East South Central,TN,47,Tennessee,2019,2,949656,38.7,83.40000000000001,
3,South,6,East South Central,TN,47,Tennessee,2019,2,949656,38.7,16.6,
3,South,6,East South Central,TN,47,Tennessee,2019,3,847658,39.8,28.3,6.3
3,South,6,East South Central,TN,47,Tennessee,2019,3,847658,39.8,71.7,6.3
,,,,TN,,Tennessee,2019,4,,,44.6,17
,,,,TN,,Tennessee,2019,4,,,55.4,17
3,South,6,East South Central,TN,47,Tennessee,2019,5,894697,41.6,54.7,21.9
3,South,6,East South Central,TN,47,Tennessee,2019,5,894697,41.6,45.3,21.9
3,South,6,East South Central,TN,47,Tennessee,2019,6,1143393,32.7,65.5,27.2
3,South,6,East South Central,TN,47,Tennessee,2019,6,1143393,32.7,34.5,27.2
3,South,7,West South Central,TX,48,Texas,2019,1,2813300,19.9,92.7,
3,South,7,West South Central,TX,48,Texas,2019,1,2813300,19.9,7.3,
,,,,TX,,Texas,2019,2,,,10.6,3.3
,,,,TX,,Texas,2019,2,,,89.40000000000001,3.3
3,South,7,West South Central,TX,48,Texas,2019,3,3942439,37.9,79.40000000000001,6
3,South,7,West South Central,TX,48,Texas,2019,3,3942439,37.9,20.6,6
,,,,TX,,Texas,2019,4,,,63.6,15.4
,,,,TX,,Texas,2019,4,,,36.4,15.4
,,,,TX,,Texas,2019,5,,,50.8,20.5
,,,,TX,,Texas,2019,5,,,49.2,20.5
3,South,7,West South Central,TX,48,Texas,2019,6,3734229,29.8,36.4,26.7
3,South,7,West South Central,TX,48,Texas,2019,6,3734229,29.8,63.6,26.7
4,West,8,Mountain,UT,49,Utah,2019,1,362079,16.3,92.59999999999999,2.4
4,West,8,Mountain,UT,49,Utah,2019,1,362079,16.3,7.4,2.4
4,West,8,Mountain,UT,49,Utah,2019,2,471806,27.4,88.59999999999999,1.4
4,West,8,Mountain,UT,49,Utah,2019,2,471806,27.4,11.4,1.4
4,West,8,Mountain,UT,49,Utah,2019,3,443453,33,19.8,5.1
4,West,8,Mountain,UT,49,Utah,2019,3,443453,33,80.2,5.1
4,West,8,Mountain,UT,49,Utah,2019,4,328430,35.1,71.3,7.9
4,West,8,Mountain,UT,49,Utah,2019,4,328430,35.1,28.7,7.9
,,,,UT,,Utah,2019,5,,,39.8,15.1
,,,,UT,,Utah,2019,5,,,60.2,15.1
4,West,8,Mountain,UT,49,Utah,2019,6,365872,30.1,45.2,19.7
4,West,8,Mountain,UT,49,Utah,2019,6,365872,30.1,54.8,19.7
,,,,VT,,Vermont,2019,1,,,96.90000000000001,
,,,,VT,,Vermont,2019,1,,,,
,,,,VT,,Vermont,2019,2,,,87.59999999999999,
,,,,VT,,Vermont,2019,2,,,12.4,
1,Northeast,1,New England,VT,50,Vermont,2019,3,71267,34.2,20.2,4.8
1,Northeast,1,New England,VT,50,Vermont,2019,3,71267,34.2,79.8,4.8
,,,,VT,,Vermont,2019,4,,,72,7
,,,,VT,,Vermont,2019,4,,,28,7
1,Northeast,1,New England,VT,50,Vermont,2019,5,95379,30.3,41.6,12.1
1,Northeast,1,New England,VT,50,Vermont,2019,5,95379,30.3,58.4,12.1
1,Northeast,1,New England,VT,50,Vermont,2019,6,125039,25.2,53.2,16.7
1,Northeast,1,New England,VT,50,Vermont,2019,6,125039,25.2,46.8,16.7
,,,,VA,,Virginia,2019,1,,,6.8,
,,,,VA,,Virginia,2019,1,,,93.2,
,,,,VA,,Virginia,2019,2,,,86.40000000000001,3
,,,,VA,,Virginia,2019,2,,,13.6,3
3,South,5,South Atlantic,VA,51,Virginia,2019,3,1112496,34.1,21.7,4.7
3,South,5,South Atlantic,VA,51,Virginia,2019,3,1112496,34.1,78.3,4.7
3,South,5,South Atlantic,VA,51,Virginia,2019,4,1100274,38.8,37.8,11.2
3,South,5,South Atlantic,VA,51,Virginia,2019,4,1100274,38.8,62.2,11.2
3,South,5,South Atlantic,VA,51,Virginia,2019,5,1114417,36.8,46.4,17
3,South,5,South Atlantic,VA,51,Virginia,2019,5,1114417,36.8,53.6,17
,,,,VA,,Virginia,2019,6,,,37.9,23.5
,,,,VA,,Virginia,2019,6,,,62.1,23.5
4,West,9,Pacific,WA,53,Washington,2019,1,658508,15.4,92.3,
4,West,9,Pacific,WA,53,Washington,2019,1,658508,15.4,7.7,
,,,,WA,,Washington,2019,2,,,87.7,1.6
,,,,WA,,Washington,2019,2,,,12.3,1.6
4,West,9,Pacific,WA,53,Washington,2019,3,1028141,31.4,19.6,5.2
4,West,9,Pacific,WA,53,Washington,2019,3,1028141,31.4,80.40000000000001,5.2
,,,,WA,,Washington,2019,4,,,69,9.6
,,,,WA,,Washington,2019,4,,,31,9.6
,,,,WA,,Washington,2019,5,,,43.4,15.4
,,,,WA,,Washington,2019,5,,,56.6,15.4
4,West,9,Pacific,WA,53,Washington,2019,6,1209723,27.9,56.7,19.4
4,West,9,Pacific,WA,53,Washington,2019,6,1209723,27.9,43.3,19.4
3,South,5,South Atlantic,WV,54,West Virginia,2019,1,153786,24.9,90.09999999999999,
3,South,5,South Atlantic,WV,54,West Virginia,2019,1,153786,24.9,9.9,
,,,,WV,,West Virginia,2019,2,,,81.09999999999999,3.7
,,,,WV,,West Virginia,2019,2,,,18.9,3.7
3,South,5,South Atlantic,WV,54,West Virginia,2019,3,213802,42.6,31.7,7.8
3,South,5,South Atlantic,WV,54,West Virginia,2019,3,213802,42.6,68.3,7.8
,,,,WV,,West Virginia,2019,4,,,53.4,16
,,,,WV,,West Virginia,2019,4,,,46.6,16
,,,,WV,,West Virginia,2019,5,,,58.2,21.4
,,,,WV,,West Virginia,2019,5,,,41.8,21.4
,,,,WV,,West Virginia,2019,6,,,32,28.9
,,,,WV,,West Virginia,2019,6,,,68,28.9
,,,,WI,,Wisconsin,2019,1,,,,
,,,,WI,,Wisconsin,2019,1,,,95.40000000000001,
,,,,WI,,Wisconsin,2019,2,,,87.90000000000001,
,,,,WI,,Wisconsin,2019,2,,,12.1,
,,,,WI,,Wisconsin,2019,3,,,81.2,3.8
,,,,WI,,Wisconsin,2019,3,,,18.8,3.8
2,Midwest,3,East North Central,WI,55,Wisconsin,2019,4,715209,39.2,27.2,8.199999999999999
2,Midwest,3,East North Central,WI,55,Wisconsin,2019,4,715209,39.2,72.8,8.199999999999999
2,Midwest,3,East North Central,WI,55,Wisconsin,2019,5,823018,39,55.6,14.4
2,Midwest,3,East North Central,WI,55,Wisconsin,2019,5,823018,39,44.4,14.4
,,,,WI,,Wisconsin,2019,6,,,40.8,17.6
,,,,WI,,Wisconsin,2019,6,,,59.2,17.6
,,,,WY,,Wyoming,2019,1,,,91,
,,,,WY,,Wyoming,2019,1,,,9,
4,West,8,Mountain,WY,56,Wyoming,2019,2,76433,25.6,90,
4,West,8,Mountain,WY,56,Wyoming,2019,2,76433,25.6,10,
,,,,WY,,Wyoming,2019,3,,,79.3,
,,,,WY,,Wyoming,2019,3,,,20.7,
,,,,WY,,Wyoming,2019,4,,,29.7,8.699999999999999
,,,,WY,,Wyoming,2019,4,,,70.3,8.699999999999999
4,West,8,Mountain,WY,56,Wyoming,2019,5,78754,32.5,42,8.4
4,West,8,Mountain,WY,56,Wyoming,2019,5,78754,32.5,58,8.4
4,West,8,Mountain,WY,56,Wyoming,2019,6,99179,28.7,42.3,19.2
4,West,8,Mountain,WY,56,Wyoming,2019,6,99179,28.7,57.7,19.2
,,,,AL,,Alabama,2018,1,,,,
,,,,AL,,Alabama,2018,2,,,,4.4
,,,,AL,,Alabama,2018,3,,,,5.2
,,,,AL,,Alabama,2018,4,,,,13.1
,,,,AL,,Alabama,2018,5,,,,25
,,,,AL,,Alabama,2018,6,,,,29.1
,,,,AK,,Alaska,2018,1,,,,
,,,,AK,,Alaska,2018,2,,,,
,,,,AK,,Alaska,2018,3,,,,
,,,,AK,,Alaska,2018,4,,,,13
,,,,AK,,Alaska,2018,5,,,,12.5
,,,,AK,,Alaska,2018,6,,,,17.6
,,,,AZ,,Arizona,2018,1,,,,
,,,,AZ,,Arizona,2018,2,,,,
,,,,AZ,,Arizona,2018,3,,,,5.8
,,,,AZ,,Arizona,2018,4,,,,10.6
,,,,AZ,,Arizona,2018,5,,,,16.6
,,,,AZ,,Arizona,2018,6,,,,21.5
,,,,AR,,Arkansas,2018,1,,,,
,,,,AR,,Arkansas,2018,2,,,,
,,,,AR,,Arkansas,2018,3,,,,9.699999999999999
,,,,AR,,Arkansas,2018,4,,,,15.2
,,,,AR,,Arkansas,2018,5,,,,22
,,,,AR,,Arkansas,2018,6,,,,25.4
,,,,CA,,California,2018,1,,,,
,,,,CA,,California,2018,2,,,,1.6
,,,,CA,,California,2018,3,,,,4.5
,,,,CA,,California,2018,4,,,,12
,,,,CA,,California,2018,5,,,,17
,,,,CA,,California,2018,6,,,,23.8
,,,,CO,,Colorado,2018,1,,,,
,,,,CO,,Colorado,2018,2,,,,1.5
,,,,CO,,Colorado,2018,3,,,,3.5
,,,,CO,,Colorado,2018,4,,,,6.8
,,,,CO,,Colorado,2018,5,,,,11.4
,,,,CO,,Colorado,2018,6,,,,16.3
,,,,CT,,Connecticut,2018,1,,,,
,,,,CT,,Connecticut,2018,2,,,,1.4
,,,,CT,,Connecticut,2018,3,,,,5
,,,,CT,,Connecticut,2018,4,,,,8
,,,,CT,,Connecticut,2018,5,,,,15.7
,,,,CT,,Connecticut,2018,6,,,,20.1
,,,,DE,,Delaware,2018,1,,,,
,,,,DE,,Delaware,2018,2,,,,
,,,,DE,,Delaware,2018,3,,,,5
,,,,DE,,Delaware,2018,4,,,,14
,,,,DE,,Delaware,2018,5,,,,19.3
,,,,DE,,Delaware,2018,6,,,,21.9
,,,,DC,,District of Columbia,2018,1,,,,
,,,,DC,,District of Columbia,2018,2,,,,
,,,,DC,,District of Columbia,2018,3,,,,4.4
,,,,DC,,District of Columbia,2018,4,,,,11.7
,,,,DC,,District of Columbia,2018,5,,,,19.3
,,,,DC,,District of Columbia,2018,6,,,,20.5
,,,,FL,,Florida,2018,1,,,,
,,,,FL,,Florida,2018,2,,,,3.3
,,,,FL,,Florida,2018,3,,,,6.2
,,,,FL,,Florida,2018,4,,,,12.4
,,,,FL,,Florida,2018,5,,,,17.1
,,,,FL,,Florida,2018,6,,,,23.4
,,,,GA,,Georgia,2018,1,,,,
,,,,GA,,Georgia,2018,2,,,,2.5
,,,,GA,,Georgia,2018,3,,,,5.8
,,,,GA,,Georgia,2018,4,,,,13.9
,,,,GA,,Georgia,2018,5,,,,20
,,,,GA,,Georgia,2018,6,,,,29.1
,,,,GU,,Guam,2018,1,,,,
,,,,GU,,Guam,2018,2,,,,
,,,,GU,,Guam,2018,3,,,,10.7
,,,,GU,,Guam,2018,4,,,,20.4
,,,,GU,,Guam,2018,5,,,,28.5
,,,,GU,,Guam,2018,6,,,,32.8
,,,,HI,,Hawaii,2018,1,,,,
,,,,HI,,Hawaii,2018,2,,,,3
,,,,HI,,Hawaii,2018,3,,,,5.8
,,,,HI,,Hawaii,2018,4,,,,13.6
,,,,HI,,Hawaii,2018,5,,,,17.6
,,,,HI,,Hawaii,2018,6,,,,20.9
,,,,ID,,Idaho,2018,1,,,,
,,,,ID,,Idaho,2018,2,,,,
,,,,ID,,Idaho,2018,3,,,,3.6
,,,,ID,,Idaho,2018,4,,,,10.2
,,,,ID,,Idaho,2018,5,,,,15.3
,,,,ID,,Idaho,2018,6,,,,21.8
,,,,IL,,Illinois,2018,1,,,,
,,,,IL,,Illinois,2018,2,,,,
,,,,IL,,Illinois,2018,3,,,,5.3
,,,,IL,,Illinois,2018,4,,,,9.199999999999999
,,,,IL,,Illinois,2018,5,,,,17.6
,,,,IL,,Illinois,2018,6,,,,21.9
,,,,IN,,Indiana,2018,1,,,,
,,,,IN,,Indiana,2018,2,,,,2.8
,,,,IN,,Indiana,2018,3,,,,6.5
,,,,IN,,Indiana,2018,4,,,,12.2
,,,,IN,,Indiana,2018,5,,,,19.9
,,,,IN,,Indiana,2018,6,,,,25.8
,,,,IA,,Iowa,2018,1,,,,2.7
,,,,IA,,Iowa,2018,2,,,,1.7
,,,,IA,,Iowa,2018,3,,,,4.8
,,,,IA,,Iowa,2018,4,,,,9.300000000000001
,,,,IA,,Iowa,2018,5,,,,13.8
,,,,IA,,Iowa,2018,6,,,,21.3
,,,,KS,,Kansas,2018,1,,,,
,,,,KS,,Kansas,2018,2,,,,3.3
,,,,KS,,Kansas,2018,3,,,,5.5
,,,,KS,,Kansas,2018,4,,,,12.2
,,,,KS,,Kansas,2018,5,,,,16.4
,,,,KS,,Kansas,2018,6,,,,24.6
,,,,KY,,Kentucky,2018,1,,,,
,,,,KY,,Kentucky,2018,2,,,,
,,,,KY,,Kentucky,2018,3,,,,7.8
,,,,KY,,Kentucky,2018,4,,,,14.3
,,,,KY,,Kentucky,2018,5,,,,21.9
,,,,KY,,Kentucky,2018,6,,,,27.6
,,,,LA,,Louisiana,2018,1,,,,
,,,,LA,,Louisiana,2018,2,,,,2.6
,,,,LA,,Louisiana,2018,3,,,,4.8
,,,,LA,,Louisiana,2018,4,,,,20.1
,,,,LA,,Louisiana,2018,5,,,,22.7
,,,,LA,,Louisiana,2018,6,,,,27.1
,,,,ME,,Maine,2018,1,,,,
,,,,ME,,Maine,2018,2,,,,2.6
,,,,ME,,Maine,2018,3,,,,5.1
,,,,ME,,Maine,2018,4,,,,9.4
,,,,ME,,Maine,2018,5,,,,13.8
,,,,ME,,Maine,2018,6,,,,20
,,,,MD,,Maryland,2018,1,,,,
,,,,MD,,Maryland,2018,2,,,,3.2
,,,,MD,,Maryland,2018,3,,,,5.7
,,,,MD,,Maryland,2018,4,,,,13.6
,,,,MD,,Maryland,2018,5,,,,19.6
,,,,MD,,Maryland,2018,6,,,,23.4
,,,,MA,,Massachusetts,2018,1,,,,
,,,,MA,,Massachusetts,2018,2,,,,
,,,,MA,,Massachusetts,2018,3,,,,6.2
,,,,MA,,Massachusetts,2018,4,,,,7.7
,,,,MA,,Massachusetts,2018,5,,,,12
,,,,MA,,Massachusetts,2018,6,,,,19
,,,,MI,,Michigan,2018,1,,,,
,,,,MI,,Michigan,2018,2,,,,2.5
,,,,MI,,Michigan,2018,3,,,,4.7
,,,,MI,,Michigan,2018,4,,,,11.3
,,,,MI,,Michigan,2018,5,,,,18.6
,,,,MI,,Michigan,2018,6,,,,23.2
,,,,MN,,Minnesota,2018,1,,,,1.5
,,,,MN,,Minnesota,2018,2,,,,1.3
,,,,MN,,Minnesota,2018,3,,,,4.1
,,,,MN,,Minnesota,2018,4,,,,9.9
,,,,MN,,Minnesota,2018,5,,,,12.5
,,,,MN,,Minnesota,2018,6,,,,19.4
,,,,MS,,Mississippi,2018,1,,,,
,,,,MS,,Mississippi,2018,2,,,,3.5
,,,,MS,,Mississippi,2018,3,,,,8.1
,,,,MS,,Mississippi,2018,4,,,,11.8
,,,,MS,,Mississippi,2018,5,,,,22.3
,,,,MS,,Mississippi,2018,6,,,,31.1
,,,,MO,,Missouri,2018,1,,,,
,,,,MO,,Missouri,2018,2,,,,
,,,,MO,,Missouri,2018,3,,,,8.199999999999999
,,,,MO,,Missouri,2018,4,,,,12.6
,,,,MO,,Missouri,2018,5,,,,16.3
,,,,MO,,Missouri,2018,6,,,,23
,,,,MT,,Montana,2018,1,,,,
,,,,MT,,Montana,2018,2,,,,
,,,,MT,,Montana,2018,3,,,,5.6
,,,,MT,,Montana,2018,4,,,,10.8
,,,,MT,,Montana,2018,5,,,,12.1
,,,,MT,,Montana,2018,6,,,,18.2
,,,,NE,,Nebraska,2018,1,,,,
,,,,NE,,Nebraska,2018,2,,,,2.1
,,,,NE,,Nebraska,2018,3,,,,5.5
,,,,NE,,Nebraska,2018,4,,,,8.6
,,,,NE,,Nebraska,2018,5,,,,16.5
,,,,NE,,Nebraska,2018,6,,,,20.2
,,,,NV,,Nevada,2018,1,,,,
,,,,NV,,Nevada,2018,2,,,,
,,,,NV,,Nevada,2018,3,,,,
,,,,NV,,Nevada,2018,4,,,,13.7
,,,,NV,,Nevada,2018,5,,,,13.6
,,,,NV,,Nevada,2018,6,,,,25.1
,,,,NH,,New Hampshire,2018,1,,,,
,,,,NH,,New Hampshire,2018,2,,,,
,,,,NH,,New Hampshire,2018,3,,,,5
,,,,NH,,New Hampshire,2018,4,,,,13.5
,,,,NH,,New Hampshire,2018,5,,,,14
,,,,NH,,New Hampshire,2018,6,,,,19.2
,,,,NJ,,New Jersey,2018,1,,,,
,,,,NJ,,New Jersey,2018,2,,,,
,,,,NJ,,New Jersey,2018,3,,,,6.9
,,,,NJ,,New Jersey,2018,4,,,,6.9
,,,,NJ,,New Jersey,2018,5,,,,15.5
,,,,NJ,,New Jersey,2018,6,,,,25.6
,,,,NM,,New Mexico,2018,1,,,,
,,,,NM,,New Mexico,2018,2,,,,2.8
,,,,NM,,New Mexico,2018,3,,,,8.199999999999999
,,,,NM,,New Mexico,2018,4,,,,14.7
,,,,NM,,New Mexico,2018,5,,,,18
,,,,NM,,New Mexico,2018,6,,,,23.6
,,,,NY,,New York,2018,1,,,,1
,,,,NY,,New York,2018,2,,,,1.8
,,,,NY,,New York,2018,3,,,,5.5
,,,,NY,,New York,2018,4,,,,10
,,,,NY,,New York,2018,5,,,,17.8
,,,,NY,,New York,2018,6,,,,24.1
,,,,NC,,North Carolina,2018,1,,,,
,,,,NC,,North Carolina,2018,2,,,,
,,,,NC,,North Carolina,2018,3,,,,5.2
,,,,NC,,North Carolina,2018,4,,,,14.5
,,,,NC,,North Carolina,2018,5,,,,19.4
,,,,NC,,North Carolina,2018,6,,,,25.8
,,,,ND,,North Dakota,2018,1,,,,
,,,,ND,,North Dakota,2018,2,,,,
,,,,ND,,North Dakota,2018,3,,,,4
,,,,ND,,North Dakota,2018,4,,,,8
,,,,ND,,North Dakota,2018,5,,,,15.3
,,,,ND,,North Dakota,2018,6,,,,22.3
,,,,OH,,Ohio,2018,1,,,,
,,,,OH,,Ohio,2018,2,,,,2.1
,,,,OH,,Ohio,2018,3,,,,7
,,,,OH,,Ohio,2018,4,,,,11.3
,,,,OH,,Ohio,2018,5,,,,18.7
,,,,OH,,Ohio,2018,6,,,,24.8
,,,,OK,,Oklahoma,2018,1,,,,
,,,,OK,,Oklahoma,2018,2,,,,3.3
,,,,OK,,Oklahoma,2018,3,,,,6.4
,,,,OK,,Oklahoma,2018,4,,,,13
,,,,OK,,Oklahoma,2018,5,,,,20.9
,,,,OK,,Oklahoma,2018,6,,,,25.6
,,,,OR,,Oregon,2018,1,,,,
,,,,OR,,Oregon,2018,2,,,,4.2
,,,,OR,,Oregon,2018,3,,,,6.9
,,,,OR,,Oregon,2018,4,,,,9.800000000000001
,,,,OR,,Oregon,2018,5,,,,17.5
,,,,OR,,Oregon,2018,6,,,,18.8
,,,,PA,,Pennsylvania,2018,1,,,,
,,,,PA,,Pennsylvania,2018,2,,,,3.7
,,,,PA,,Pennsylvania,2018,3,,,,6.4
,,,,PA,,Pennsylvania,2018,4,,,,10.2
,,,,PA,,Pennsylvania,2018,5,,,,16.3
,,,,PA,,Pennsylvania,2018,6,,,,21.4
,,,,PR,,Puerto Rico,2018,1,,,,
,,,,PR,,Puerto Rico,2018,2,,,,2.2
,,,,PR,,Puerto Rico,2018,3,,,,5.6
,,,,PR,,Puerto Rico,2018,4,,,,13
,,,,PR,,Puerto Rico,2018,5,,,,25
,,,,PR,,Puerto Rico,2018,6,,,,34.9
,,,,RI,,Rhode Island,2018,1,,,,
,,,,RI,,Rhode Island,2018,2,,,,
,,,,RI,,Rhode Island,2018,3,,,,5.4
,,,,RI,,Rhode Island,2018,4,,,,10.8
,,,,RI,,Rhode Island,2018,5,,,,18.2
,,,,RI,,Rhode Island,2018,6,,,,22.2
,,,,SC,,South Carolina,2018,1,,,,
,,,,SC,,South Carolina,2018,2,,,,2.7
,,,,SC,,South Carolina,2018,3,,,,7.6
,,,,SC,,South Carolina,2018,4,,,,13.8
,,,,SC,,South Carolina,2018,5,,,,20.8
,,,,SC,,South Carolina,2018,6,,,,25.6
,,,,SD,,South Dakota,2018,1,,,,
,,,,SD,,South Dakota,2018,2,,,,
,,,,SD,,South Dakota,2018,3,,,,
,,,,SD,,South Dakota,2018,4,,,,8.6
,,,,SD,,South Dakota,2018,5,,,,11.2
,,,,SD,,South Dakota,2018,6,,,,20.6
,,,,TN,,Tennessee,2018,1,,,,
,,,,TN,,Tennessee,2018,2,,,,
,,,,TN,,Tennessee,2018,3,,,,6.8
,,,,TN,,Tennessee,2018,4,,,,13.3
,,,,TN,,Tennessee,2018,5,,,,22.6
,,,,TN,,Tennessee,2018,6,,,,28
,,,,TX,,Texas,2018,1,,,,
,,,,TX,,Texas,2018,2,,,,1.8
,,,,TX,,Texas,2018,3,,,,5.4
,,,,TX,,Texas,2018,4,,,,15.8
,,,,TX,,Texas,2018,5,,,,22
,,,,TX,,Texas,2018,6,,,,29.5
,,,,UT,,Utah,2018,1,,,,1.2
,,,,UT,,Utah,2018,2,,,,2.4
,,,,UT,,Utah,2018,3,,,,3.3
,,,,UT,,Utah,2018,4,,,,10.8
,,,,UT,,Utah,2018,5,,,,15.9
,,,,UT,,Utah,2018,6,,,,20.9
,,,,VT,,Vermont,2018,1,,,,
,,,,VT,,Vermont,2018,2,,,,
,,,,VT,,Vermont,2018,3,,,,4.8
,,,,VT,,Vermont,2018,4,,,,8.5
,,,,VT,,Vermont,2018,5,,,,14
,,,,VT,,Vermont,2018,6,,,,18
,,,,VA,,Virginia,2018,1,,,,
,,,,VA,,Virginia,2018,2,,,,2.8
,,,,VA,,Virginia,2018,3,,,,4.9
,,,,VA,,Virginia,2018,4,,,,10.4
,,,,VA,,Virginia,2018,5,,,,16.4
,,,,VA,,Virginia,2018,6,,,,23.3
,,,,WA,,Washington,2018,1,,,,
,,,,WA,,Washington,2018,2,,,,2
,,,,WA,,Washington,2018,3,,,,4.3
,,,,WA,,Washington,2018,4,,,,10.2
,,,,WA,,Washington,2018,5,,,,17.4
,,,,WA,,Washington,2018,6,,,,20.4
,,,,WV,,West Virginia,2018,1,,,,
,,,,WV,,West Virginia,2018,2,,,,
,,,,WV,,West Virginia,2018,3,,,,6.4
,,,,WV,,West Virginia,2018,4,,,,19.7
,,,,WV,,West Virginia,2018,5,,,,24.9
,,,,WV,,West Virginia,2018,6,,,,27.5
,,,,WI,,Wisconsin,2018,1,,,,
,,,,WI,,Wisconsin,2018,2,,,,
,,,,WI,,Wisconsin,2018,3,,,,2.6
,,,,WI,,Wisconsin,2018,4,,,,7.7
,,,,WI,,Wisconsin,2018,5,,,,13.8
,,,,WI,,Wisconsin,2018,6,,,,19.2
,,,,WY,,Wyoming,2018,1,,,,
,,,,WY,,Wyoming,2018,2,,,,
,,,,WY,,Wyoming,2018,3,,,,5.2
,,,,WY,,Wyoming,2018,4,,,,8.6
,,,,WY,,Wyoming,2018,5,,,,14.8
,,,,WY,,Wyoming,2018,6,,,,17.2
